-- Script was generated by Devart dbForge Studio for MySQL, Version 6.1.164.0
-- Product home page: http://www.devart.com/dbforge/mysql/studio
-- Script date 03/04/2014 09:27:54 a.m.
-- Server version: 5.6.12-log
-- Client version: 4.1

-- 
-- Disable foreign keys
-- 
/*!40014 SET @OLD_FOREIGN_KEY_CHECKS=@@FOREIGN_KEY_CHECKS, FOREIGN_KEY_CHECKS=0 */;

-- 
-- Set SQL mode
-- 
/*!40101 SET @OLD_SQL_MODE=@@SQL_MODE, SQL_MODE='NO_AUTO_VALUE_ON_ZERO' */;

-- 
-- Set default database
--
USE sisri;

--
-- Definition for table ciudades
--
DROP TABLE IF EXISTS ciudades;
CREATE TABLE ciudades (
  id INT(11) NOT NULL AUTO_INCREMENT,
  ciudad VARCHAR(100) DEFAULT NULL,
  created_at TIMESTAMP NULL DEFAULT NULL,
  updated_at TIMESTAMP NULL DEFAULT CURRENT_TIMESTAMP,
  PRIMARY KEY (id)
)
ENGINE = INNODB
AUTO_INCREMENT = 4
AVG_ROW_LENGTH = 5461
CHARACTER SET utf8
COLLATE utf8_spanish_ci;

--
-- Definition for table congregaciones
--
DROP TABLE IF EXISTS congregaciones;
CREATE TABLE congregaciones (
  id INT(11) NOT NULL AUTO_INCREMENT,
  congregacion VARCHAR(100) DEFAULT NULL,
  created_at TIMESTAMP NULL DEFAULT NULL,
  updated_at TIMESTAMP NULL DEFAULT CURRENT_TIMESTAMP,
  PRIMARY KEY (id)
)
ENGINE = INNODB
AUTO_INCREMENT = 8
AVG_ROW_LENGTH = 16384
CHARACTER SET utf8
COLLATE utf8_spanish_ci;

--
-- Definition for table data
--
DROP TABLE IF EXISTS data;
CREATE TABLE data (
  id INT(11) NOT NULL AUTO_INCREMENT,
  idioma TEXT DEFAULT NULL,
  nombre_del_amo_de_casa TEXT DEFAULT NULL,
  genero TEXT DEFAULT NULL,
  condicion TEXT DEFAULT NULL,
  proveniente_de TEXT DEFAULT NULL,
  observaciones TEXT DEFAULT NULL,
  zona_de_la_ciudad TEXT DEFAULT NULL,
  calle_o_avenida TEXT DEFAULT NULL,
  cruce_con_o_entre_calle__ TEXT DEFAULT NULL,
  edificio_o_casa TEXT DEFAULT NULL,
  local_comercial TEXT DEFAULT NULL,
  piso TEXT DEFAULT NULL,
  apto TEXT DEFAULT NULL,
  telefono TEXT DEFAULT NULL,
  otras_referencias TEXT DEFAULT NULL,
  nombre_del_publicador TEXT DEFAULT NULL,
  congregación TEXT DEFAULT NULL,
  fecha_del_censo TEXT DEFAULT NULL,
  tema_conversado TEXT DEFAULT NULL,
  publiccion_dejada TEXT DEFAULT NULL,
  revisada TEXT DEFAULT NULL,
  existente TEXT DEFAULT NULL,
  pasada TEXT DEFAULT NULL,
  PRIMARY KEY (id)
)
ENGINE = INNODB
AUTO_INCREMENT = 116
AVG_ROW_LENGTH = 427
CHARACTER SET utf8
COLLATE utf8_general_ci;

--
-- Definition for table idiomas
--
DROP TABLE IF EXISTS idiomas;
CREATE TABLE idiomas (
  id INT(11) NOT NULL AUTO_INCREMENT,
  idioma VARCHAR(50) DEFAULT NULL,
  created_at TIMESTAMP NULL DEFAULT NULL,
  updated_at TIMESTAMP NULL DEFAULT CURRENT_TIMESTAMP,
  PRIMARY KEY (id)
)
ENGINE = INNODB
AUTO_INCREMENT = 3
AVG_ROW_LENGTH = 16384
CHARACTER SET utf8
COLLATE utf8_spanish_ci;

--
-- Definition for table migracion_personas
--
DROP TABLE IF EXISTS migracion_personas;
CREATE TABLE migracion_personas (
  id VARCHAR(255) DEFAULT NULL,
  nombre VARCHAR(255) DEFAULT NULL,
  apellido VARCHAR(255) DEFAULT NULL,
  genero VARCHAR(255) DEFAULT NULL,
  proveniente VARCHAR(255) DEFAULT NULL,
  tipo_reg VARCHAR(255) DEFAULT NULL,
  calle_avenida VARCHAR(255) DEFAULT NULL,
  cruce_con VARCHAR(255) DEFAULT NULL,
  casa_edificio VARCHAR(255) DEFAULT NULL,
  piso VARCHAR(255) DEFAULT NULL,
  apto VARCHAR(255) DEFAULT NULL,
  local VARCHAR(255) DEFAULT NULL,
  ref VARCHAR(255) DEFAULT NULL,
  zona VARCHAR(255) DEFAULT NULL,
  telefono VARCHAR(255) DEFAULT NULL
)
ENGINE = INNODB
AVG_ROW_LENGTH = 358
CHARACTER SET utf8
COLLATE utf8_spanish_ci;

--
-- Definition for table migracion_publicadores
--
DROP TABLE IF EXISTS migracion_publicadores;
CREATE TABLE migracion_publicadores (
  id VARCHAR(255) DEFAULT NULL,
  nombre VARCHAR(255) DEFAULT NULL,
  apellido VARCHAR(255) DEFAULT NULL,
  correo VARCHAR(255) DEFAULT NULL,
  fecha_bautismo VARCHAR(255) DEFAULT NULL,
  created_at VARCHAR(255) DEFAULT NULL,
  updated_at VARCHAR(255) DEFAULT NULL,
  congregacion VARCHAR(255) DEFAULT NULL,
  calle_avenida VARCHAR(255) DEFAULT NULL,
  cruce_con VARCHAR(255) DEFAULT NULL,
  piso VARCHAR(255) DEFAULT NULL,
  casa_edificio VARCHAR(255) DEFAULT NULL,
  apto VARCHAR(255) DEFAULT NULL,
  local VARCHAR(255) DEFAULT NULL,
  ref VARCHAR(255) DEFAULT NULL,
  zona VARCHAR(255) DEFAULT NULL
)
ENGINE = INNODB
AVG_ROW_LENGTH = 630
CHARACTER SET utf8
COLLATE utf8_spanish_ci;

--
-- Definition for table migracion_visitas
--
DROP TABLE IF EXISTS migracion_visitas;
CREATE TABLE migracion_visitas (
  id INT(11) DEFAULT NULL,
  condicion VARCHAR(255) DEFAULT NULL,
  personas_id VARCHAR(255) DEFAULT NULL,
  nombre_persona VARCHAR(255) DEFAULT NULL,
  apellido_persona VARCHAR(255) DEFAULT NULL,
  publicadores_id VARCHAR(255) DEFAULT NULL,
  nombre_publicador VARCHAR(255) DEFAULT NULL,
  apellido_publicador VARCHAR(255) DEFAULT NULL,
  fecha VARCHAR(255) DEFAULT NULL,
  observacion VARCHAR(255) DEFAULT NULL,
  tipo VARCHAR(255) DEFAULT NULL,
  hora VARCHAR(255) DEFAULT NULL,
  tema VARCHAR(255) DEFAULT NULL,
  publicacion VARCHAR(255) DEFAULT NULL
)
ENGINE = INNODB
AVG_ROW_LENGTH = 269
CHARACTER SET utf8
COLLATE utf8_spanish_ci;

--
-- Definition for table municipios
--
DROP TABLE IF EXISTS municipios;
CREATE TABLE municipios (
  id INT(11) NOT NULL AUTO_INCREMENT,
  ciudades_id INT(11) DEFAULT NULL,
  municipio VARCHAR(255) DEFAULT NULL,
  created_at TIMESTAMP NULL DEFAULT NULL,
  updated_at TIMESTAMP NULL DEFAULT CURRENT_TIMESTAMP,
  PRIMARY KEY (id),
  CONSTRAINT FK_municipios_ciudades_id FOREIGN KEY (ciudades_id)
    REFERENCES ciudades(id) ON DELETE RESTRICT ON UPDATE RESTRICT
)
ENGINE = INNODB
AUTO_INCREMENT = 1
CHARACTER SET latin1
COLLATE latin1_swedish_ci;

--
-- Definition for table zonas
--
DROP TABLE IF EXISTS zonas;
CREATE TABLE zonas (
  id INT(11) NOT NULL AUTO_INCREMENT,
  zona VARCHAR(100) DEFAULT NULL,
  created_at TIMESTAMP NULL DEFAULT NULL,
  updated_at TIMESTAMP NULL DEFAULT CURRENT_TIMESTAMP,
  municipios_id INT(11) DEFAULT NULL,
  ciudades_id INT(11) DEFAULT NULL,
  PRIMARY KEY (id),
  CONSTRAINT FK_zonas_municipios_id FOREIGN KEY (municipios_id)
    REFERENCES municipios(id) ON DELETE RESTRICT ON UPDATE RESTRICT
)
ENGINE = INNODB
AUTO_INCREMENT = 50
AVG_ROW_LENGTH = 8192
CHARACTER SET utf8
COLLATE utf8_spanish_ci;

--
-- Definition for table direcciones
--
DROP TABLE IF EXISTS direcciones;
CREATE TABLE direcciones (
  id INT(11) NOT NULL AUTO_INCREMENT,
  zonas_id INT(11) DEFAULT NULL,
  calle_avenida TEXT DEFAULT NULL,
  cruce_con TEXT DEFAULT NULL,
  casa_edificio TEXT DEFAULT NULL,
  piso VARCHAR(11) DEFAULT NULL,
  apto VARCHAR(50) DEFAULT NULL,
  local TEXT DEFAULT NULL,
  ref TEXT DEFAULT NULL,
  coord_x DOUBLE DEFAULT NULL,
  coord_y DOUBLE DEFAULT NULL,
  created_at TIMESTAMP NULL DEFAULT NULL,
  updated_at TIMESTAMP NULL DEFAULT CURRENT_TIMESTAMP,
  PRIMARY KEY (id),
  CONSTRAINT FK_direccion_zonas_id FOREIGN KEY (zonas_id)
    REFERENCES zonas(id) ON DELETE RESTRICT ON UPDATE RESTRICT
)
ENGINE = INNODB
AUTO_INCREMENT = 398
AVG_ROW_LENGTH = 142
CHARACTER SET latin1
COLLATE latin1_swedish_ci
COMMENT = 'Tabla de direcciones';

--
-- Definition for table personas
--
DROP TABLE IF EXISTS personas;
CREATE TABLE personas (
  id INT(11) NOT NULL AUTO_INCREMENT,
  idiomas_id INT(11) NOT NULL,
  nombre VARCHAR(50) DEFAULT NULL,
  apellido VARCHAR(50) DEFAULT NULL,
  genero SET('hombre','mujer','niño','niña') NOT NULL,
  proveniente VARCHAR(100) DEFAULT NULL,
  tipo_reg SET('casa','telefono') NOT NULL COMMENT 'Registra como se coniguió a la persona, por predicación de casa en casa o telefónica',
  direcciones_id INT(11) DEFAULT NULL,
  created_at TIMESTAMP NULL DEFAULT NULL,
  updated_at TIMESTAMP NULL DEFAULT CURRENT_TIMESTAMP,
  id_migrate INT(11) DEFAULT NULL,
  PRIMARY KEY (id),
  CONSTRAINT FK_personas_direcciones_id FOREIGN KEY (direcciones_id)
    REFERENCES direcciones(id) ON DELETE RESTRICT ON UPDATE RESTRICT,
  CONSTRAINT FK_personas_idiomas_id FOREIGN KEY (idiomas_id)
    REFERENCES idiomas(id) ON DELETE RESTRICT ON UPDATE RESTRICT
)
ENGINE = INNODB
AUTO_INCREMENT = 395
AVG_ROW_LENGTH = 142
CHARACTER SET utf8
COLLATE utf8_spanish_ci;

--
-- Definition for table publicadores
--
DROP TABLE IF EXISTS publicadores;
CREATE TABLE publicadores (
  id INT(11) NOT NULL AUTO_INCREMENT,
  nombre VARCHAR(50) NOT NULL,
  apellido VARCHAR(50) NOT NULL,
  correo VARCHAR(30) DEFAULT NULL,
  fecha_bautismo DATE NOT NULL,
  congregaciones_id INT(11) DEFAULT NULL,
  direcciones_id INT(11) DEFAULT NULL,
  created_at TIMESTAMP NULL DEFAULT NULL,
  updated_at TIMESTAMP NULL DEFAULT CURRENT_TIMESTAMP,
  id_migrate INT(11) DEFAULT NULL,
  PRIMARY KEY (id),
  CONSTRAINT FK_publicadores_congregaciones_id FOREIGN KEY (congregaciones_id)
    REFERENCES congregaciones(id) ON DELETE RESTRICT ON UPDATE RESTRICT,
  CONSTRAINT FK_publicadores_direcciones_id FOREIGN KEY (direcciones_id)
    REFERENCES direcciones(id) ON DELETE RESTRICT ON UPDATE RESTRICT
)
ENGINE = INNODB
AUTO_INCREMENT = 55
AVG_ROW_LENGTH = 16384
CHARACTER SET utf8
COLLATE utf8_spanish_ci;

--
-- Definition for table telefonos
--
DROP TABLE IF EXISTS telefonos;
CREATE TABLE telefonos (
  id INT(11) NOT NULL AUTO_INCREMENT,
  telefono VARCHAR(10) NOT NULL,
  personas_id INT(11) DEFAULT NULL,
  publicadores_id INT(11) DEFAULT NULL,
  created_at TIMESTAMP NULL DEFAULT NULL,
  updated_at TIMESTAMP NULL DEFAULT CURRENT_TIMESTAMP,
  PRIMARY KEY (id),
  CONSTRAINT FK_telefonos_personas_id FOREIGN KEY (personas_id)
    REFERENCES personas(id) ON DELETE RESTRICT ON UPDATE RESTRICT,
  CONSTRAINT FK_telefonos_publicadores_id FOREIGN KEY (publicadores_id)
    REFERENCES publicadores(id) ON DELETE RESTRICT ON UPDATE RESTRICT
)
ENGINE = INNODB
AUTO_INCREMENT = 265
AVG_ROW_LENGTH = 4096
CHARACTER SET utf8
COLLATE utf8_spanish_ci;

--
-- Definition for table usuarios
--
DROP TABLE IF EXISTS usuarios;
CREATE TABLE usuarios (
  id INT(11) NOT NULL AUTO_INCREMENT,
  username VARCHAR(50) NOT NULL,
  password VARCHAR(64) NOT NULL,
  publicadores_id INT(11) DEFAULT NULL,
  created_at TIMESTAMP NULL DEFAULT NULL,
  updated_at TIMESTAMP NULL DEFAULT CURRENT_TIMESTAMP,
  PRIMARY KEY (id),
  CONSTRAINT FK_usuarios_publicadores_id FOREIGN KEY (publicadores_id)
    REFERENCES publicadores(id) ON DELETE RESTRICT ON UPDATE RESTRICT
)
ENGINE = INNODB
AUTO_INCREMENT = 2
AVG_ROW_LENGTH = 16384
CHARACTER SET utf8
COLLATE utf8_spanish_ci;

--
-- Definition for table visitas
--
DROP TABLE IF EXISTS visitas;
CREATE TABLE visitas (
  id INT(11) NOT NULL AUTO_INCREMENT,
  condicion SET('v','nc','o','n') NOT NULL COMMENT 'Datos de la visita: v:visita, nc: no en casa, o: ocupado, n: no atendio',
  personas_id INT(11) DEFAULT NULL,
  publicadores_id INT(11) DEFAULT NULL,
  fecha DATE NOT NULL,
  observacion VARCHAR(250) DEFAULT NULL,
  tipo SET('casa','telefono') DEFAULT NULL,
  hora TIME DEFAULT NULL,
  tema VARCHAR(255) DEFAULT NULL,
  publicacion VARCHAR(255) DEFAULT NULL,
  created_at TIMESTAMP NULL DEFAULT NULL,
  updated_at TIMESTAMP NULL DEFAULT CURRENT_TIMESTAMP,
  id_migrate INT(11) DEFAULT NULL,
  PRIMARY KEY (id),
  CONSTRAINT FK_visitas_personas_id FOREIGN KEY (personas_id)
    REFERENCES personas(id) ON DELETE RESTRICT ON UPDATE RESTRICT,
  CONSTRAINT FK_visitas_publicadores_id FOREIGN KEY (publicadores_id)
    REFERENCES publicadores(id) ON DELETE RESTRICT ON UPDATE RESTRICT
)
ENGINE = INNODB
AUTO_INCREMENT = 498
AVG_ROW_LENGTH = 142
CHARACTER SET utf8
COLLATE utf8_spanish_ci;

-- 
-- Dumping data for table ciudades
--
INSERT INTO ciudades VALUES
(1, 'Los Teques', '2014-03-10 21:44:23', '2014-03-10 21:44:23'),
(2, 'Carrizal', '2014-03-10 21:44:23', '2014-03-10 21:44:23'),
(3, 'San Antonio', '2014-03-10 22:01:52', '2014-03-10 22:01:52');

-- 
-- Dumping data for table congregaciones
--
INSERT INTO congregaciones VALUES
(1, 'Los alpes', '2014-03-09 07:59:45', '2014-03-09 07:59:45'),
(2, 'Este - Los Teques', '2014-03-10 22:04:35', '2014-03-10 22:04:35'),
(3, 'Encanto', '2014-03-10 22:04:35', '2014-03-10 22:04:35'),
(5, 'Pan de Azúcar', '2014-03-10 22:06:56', '2014-03-10 22:06:56'),
(6, 'San Pedro', '2014-03-10 22:07:46', '2014-03-10 22:07:46'),
(7, 'Lagunetica', '2014-03-10 22:07:46', '2014-03-10 22:07:46');

-- 
-- Dumping data for table data
--
INSERT INTO data VALUES
(1, 'Arabe', 'Sra Delia', 'Femenino', 'En casa', '', '', 'Cabotaje', 'Bermudez', 'Final calle guaicaipuro', 'Araguaney', '', 'PH', 'A', '', '', 'Liliana', '', '', '', '', '0', '0', '0'),
(2, 'Arabe', '', 'Masculino', '', '', '', '', 'Bermudez', '', '', 'Comercial Kainotak', '', '', '', '', '', '', '', '', '', '0', '0', '0'),
(3, 'Arabe', '', 'Masculino', '', '', '', '', 'Bermudez', '', '', 'Zapateria Conforteset', '', '', '', '', 'Aura Ochoa', '', '', '', '', '0', '0', '0'),
(4, 'Arabe', '', 'Masculino', '', '', '', '', 'Bermudez', '', '', 'Muebleria Miracielo', '', '', '', '', 'Aura Ochoa', '', '', '', '', '0', '0', '0'),
(5, 'Arabe', '', '', '', '', '', '', 'Bermudez', '', '', 'Farmacia Jocari', '', '', '', '', '', '', '', '', '', '0', '0', '0'),
(6, 'Arabe', 'Sr Jocero', 'Masculino', '', '', '', '', 'Bermudez', '', '', 'Venta de lenceria', '', '', '', '', 'Beatriz', '', '', '', '', '0', '0', '0'),
(7, 'Arabe', 'Sr Jose', 'Masculino', '', '', '', '', 'Bermudez', '', '', 'Arreglo de Zapatos', '', '', '', '', 'Beatriz', '', '', '', '', '0', '0', '0'),
(8, 'Arabe', '', 'Masculino', '', '', '', '', 'Bermudez', '', '', 'Tienda SuperCool', '', '', '', '', 'Liliana', '', '', '', 'Tratado', '0', '0', '0'),
(9, 'Arabe', 'Sr Mohamed', 'Masculino', '', '', '', '', 'Bermudez', '', '', 'Lenceria Miracielo', 'PB', '', '', '', 'Beatriz', '', '', '', '', '0', '0', '0'),
(10, 'Arabe', '', 'Masculino', '', '', '', '', 'Bermudez', '', 'Residencias el Parque', '', '10', '', '', '', '', '', '', '', '', '0', '0', '0'),
(11, 'Arabe', 'Saul', 'Masculino', '', '', '', '', 'Miquilen', '', '', 'Muebleria Miquilen 2050', '', '', '', '', 'Aura', '', '', '', '', '0', '0', '0'),
(12, 'Arabe', 'Dixion', 'Masculino', '', '', 'No quiere nada', '', 'Miquilen', '', '', 'Calzado y Algo más', '', '', '', '', 'Angel Barreto', '', '', '', '', '0', '0', '0'),
(13, 'Arabe', 'Naji', 'Masculino', '', '', '', '', 'Miquilen', '', '', 'Tienda Total º1', '', '', '', '', 'Mery', '', '', '', 'Tratado Disfrute', '0', '0', '0'),
(14, 'Arabe', 'Antonio Hanna', 'Masculino', '', '', '', '', 'Miquilen', '', '', 'Tienda Hanna', '', '', '', '', 'Liliana', '', '2012-05-25 00:00:00', '', 'Tratado Disfrute', '0', '0', '0'),
(15, 'Arabe', 'Mustafa', 'Masculino', '', '', '', '', 'Miquilen', '', '', '', '', '', '', 'Frente a Farmacias Saas', 'Liliana', '', '2012-05-25 00:00:00', '', 'Biblia', '0', '0', '0'),
(16, 'Arabe', 'Yazan', 'Masculino', '', '', '', '', 'Miquilen', '', '', 'Comercial Macostifan', '', '', '', '', 'Liliana', '', '', '', 'Tratado Consuelo', '0', '0', '0'),
(17, 'Arabe', 'Jehad Jazan', 'Masculino', '', '', '', 'Cabotaje', 'Miquilen', '', '', 'Muebleria Comercial JH-20 Marah C.A.', '', '', '', 'Al lado de charcuteria Isamar, derecha sentido terminal - metro', 'Aura', '', '2013-08-15 00:00:00', '', 'Revistas', '1', '0', '0'),
(18, 'Arabe', '', 'Masculino', '', '', 'No quiere nada', '', 'Miquilen', '', '', 'La Gioconda', '', '', '', 'Muebleria, Al lado de la tienda mascotin, derecha sentido terminal - metro', '', '', '', '', '', '0', '0', '0'),
(19, 'Arabe', '', 'Masculino', '', '', 'No quiere nada, es musulman', '', 'Miquilen', '', '', 'Zapateria Full Estilo', '', '', '', 'Frente al Banco Mercantil', '', '', '', '', '', '0', '0', '0'),
(20, 'Arabe', 'Josue', 'Masculino', '', '', '', '', 'Miquilen', '', '', 'Zapateria', '', '', '', 'Al lado de todo partes', 'Liliana', '', '', '', '', '0', '0', '0'),
(21, 'Arabe', 'Magdalena', 'Femenino', '', 'Hija de Arabe', '', '', 'Miquilen', '', '', '', '', '', '', 'Frente a la optica Reis', 'Aura', '', '', '', '', '0', '0', '0'),
(22, 'Arabe', 'Fanny', 'Femenina', '', '', 'No le gusta que le prediquen', '', 'Miquilen', '', '', 'Tienda Fanny Gurt', '', '', '', '', '', '', '', '', '', '0', '0', '0'),
(23, 'Arabe', 'Jorge', 'Masculino', '', '', '', '', 'Miquilen', '', '', 'Casihogar', '', '', '', 'Frente a Rivalcid', 'Liliana Herrera', '', '', '', '', '0', '0', '0'),
(24, 'Arabe', 'Tosty', 'Masculino', '', '', '', '', 'Miquilen', '', '', 'Inversiones Aldor', '', '', '', 'Diagonal Luz electrica', 'Liliana Herrera', '', '', '', '', '0', '0', '0'),
(25, 'Arabe', 'Milar', 'Masculino', '', '', 'Poco receptivo', '', 'Miquilen', 'Calle miquilen cruze con carabobo', '', 'Gina Sport K.B.', '', '', '', 'Tienda de zapatos, derecha sentido terminal - metro', 'Liliana Herrera', '', '2013-08-15 00:00:00', '', '', '0', '0', '0'),
(26, 'Arabe', '', '', '', '', 'No tiene tiempo', '', '', '', '', 'Centro de Comunicaciones', '', '', '', 'Despues del antiguo cine guacaipuro', '', '', '', '', '', '0', '0', '0'),
(27, 'Arabe', '', '', '', '', 'No quiere nada', '', 'Ribas', '', '', 'almacen Sam stan', '', '', '', '', '', '', '', '', '', '0', '0', '0'),
(28, 'Arabe', '', 'Masculino', '', '', '', '', '', '', '', 'Reparaciones Tv', '', '', '', '', '', '', '', '', '', '0', '0', '0'),
(29, 'Arabe', '', '', '', '', 'No quiere nada, es catolico', '', 'Ribas', 'Entre Calle Ayacucho y Junin', '', 'Inversiones Harissa', '', '', '', 'Venta de uniformes escolares', '', '', '', '', '', '0', '0', '0'),
(30, 'Arabe', 'Jihar', 'Masculino', '', '', 'Desea que lo visiten', '', 'Ribas', '', '', 'Comercial Arabito', '', '', '', 'Al lado del boulevar lamas', '', '', '', '', '', '0', '0', '0'),
(31, 'Arabe', '', 'Masculino', '', '', 'Musulman, no quiere', '', 'Hoyada', '', '', 'Restaurante Salamaleiku', '', '', '', 'Frente a las minitiendas la Hoyada', '', '', '', '', '', '0', '0', '0'),
(32, 'Arabe', 'Mevehel', '', '', '', 'Se le ha visitado', '', 'Hoyada', '', '', 'Local 27-b', '', '', '', 'Minitiendas La Hoyada', '', '', '', '', '', '0', '0', '0'),
(33, 'Arabe', 'Luis', 'Masculino', '', '', '', '', 'Hoyada', '', '', ' Local 30', '', '', '', 'Minitiendas La Hoyada', '', '', '', '', 'Folleto los Testigos de Jehová, en árabe', '0', '0', '0'),
(34, 'Arabe', '', '', '', '', '', '', '', '', '', 'Minitiendas la Hoyada- Local 53-a', '', '', '', '', '', '', '', '', '', '0', '0', '0'),
(35, 'Arabe', 'Joseph', 'Masculino', '', '', '', '', '', '', '', 'Zapateria', '', '', '', 'Frente a las minitiendas', 'Rut de Castillo', '', '', '', '', '0', '0', '0'),
(36, 'Arabe', 'Asa', 'Masculino', '', '', 'tiene biblia en árabe, quiere libro enseña en árabe', '', 'Hoyada', '', '', 'Paseo Mirandino, Tienda Wrangler', '', '', '', '', 'Amalia Fernandes', '', '', '', 'Tratado Ser Querido', '1', '0', '0'),
(37, 'Arabe', 'Michell', 'Masculino', '', '', 'tiene biblia en árabe', '', 'Hoyada', '', '', 'Paseo Mirandino- Distribuidora Anway', '', '', '', '', 'Rut de Castillo', '', '', '', '', '1', '0', '0'),
(38, 'Arabe', 'Kamar', 'Masculino', '', '', 'Quiere Literatura', '', 'Hoyada', '', '', 'Paseo Mirandino - Zapateria Creaciones Xtasis', '', '', '', '', 'Aura Ochoa', '', '', '', 'tratado la Verdad', '1', '0', '0'),
(39, 'Arabe', 'Jorge', 'Masculino', '', '', 'quiere que le hablen en árabe', '', 'Hoyada', '', '', 'Paseo Mirandino - Comercial Camaguan', '', '', '', '', '', '', '', '', 'Tratado el sufrimiento', '0', '0', '0'),
(40, 'Arabe', '', '', '', '', '', '', 'Hoyada', '', '', 'Paseo Mirandino - Zapateria Kama', '', '', '', '', '', '', '', '', '', '0', '0', '0'),
(41, 'Arabe', 'Alejandro', 'Masculino', '', '', '', '', 'Hoyada', '', '', 'Paseo Mirandino- tienda de telefonos', '', '', '', 'diagonal a la farmacia', '', '', '', '', '', '0', '0', '0'),
(42, 'Arabe', '', '', '', '', 'no quiere ninguna publicación', '', 'Hoyada', '', '', 'Paseo Mirandino- Inversiones Khama- Sport', '', '', '', '', '', '', '', '', '', '0', '0', '0'),
(43, 'Arabe', 'Jason', '', '', '', 'Volver en Febrero', '', 'Hoyada', '', '', 'Pasea Mirandino- comercial Lider de la Marca', '', '', '', '', '', '', '', '', '', '0', '0', '0'),
(44, 'Arabe', '', 'Femenino', '', '', 'Se puede volver', '', 'Hoyada', '', '', 'CC Jorey - Joyeria y Tienda de Prendas', '', '', '', 'Frente a la Bomba del Savil', '', '', '', '', 'Tratado La verdad', '1', '0', '0'),
(45, 'Arabe', 'Dr Nayen Dager', 'Masculino', '', '', '', '', 'Bolivar', '', '', 'Centro clinico Profesional', '', '', '', 'Galeria bolivar', '', '', '', '', '', '0', '0', '0'),
(46, 'Arabe', 'Yasmin', 'Femenino', '', '', 'Venezolana, lee árabe', '', 'Bolivar', '', '', 'El mundo del Bebe', '', '', '', 'Diagonal al Banco bicentenario', 'Aura Ochoa', '', '', '', 'Tratado Se interesa Dios por nosotros', '0', '0', '0'),
(47, 'Arabe', '', '', '', '', '', '', 'Calle Guacaipuro', '', '', 'Creaciones Damasco', '', '', '', 'diagonal a la Catedral', '', '', '', '', '', '0', '0', '0'),
(48, 'Arabe', 'Miguel', 'Masculino', '', '', 'visitar', '', 'Calle Guacaipuro', '', '', 'Comercial electronico', '', '', '3648935', '', '', '', '', '', '', '0', '0', '0'),
(49, 'Arabe', 'Maria', 'Femenino', '', '', 'No lee arabe', '', 'Calle Guacaipuro', '', '', 'Novedades Nacho', '', '', '', '', '', '', '', '', 'Folleto Amigo de Dios', '0', '0', '0'),
(50, 'Arabe', 'Emma', 'Femenino', '', '', 'tiene libro enseña, Profesora de arabe, muy ocupada', '', 'Calle Guacaipuro', '', '', 'Minitiendas de Ropa y tela', '', '', '', 'Entre peluqueria y Residencias Hermoso', '', '', '', '', '', '0', '0', '0'),
(51, 'Arabe', 'Elias', 'Masculino', '', '', '', '', 'Calle Guacaipuro', '', '', 'Restaurant Shawarma', '', '', '', 'Cuatro Esquinas', '', '', '', '', '', '0', '0', '0'),
(52, 'Arabe', 'Jose Ramon', 'Masculino', '', '', 'Visitar', '', 'Recta de las minas de San Antonio', '', '', 'La Casona - Los Arabitos', '', '', '04241748930', '', '', '', '', '', '', '0', '0', '0'),
(53, 'Arabe', '', 'Masculino', '', '', '', '', 'Recta de las minas de San Antonio', '', '', 'La Casona II - Centro Tibetano', '3', '', '', '', 'Jose Toro', '', '2013-06-03 00:00:00', '', 'Folleto la Verdad', '0', '0', '0'),
(54, 'Arabe', '', 'Femenino', '', '', 'Libanes, no le interesa', '', 'Recta de las minas de San Antonio', '', '', 'Casona II', 'PB', '', '', '', 'Noemi', '', '2013-06-03 00:00:00', '', '', '0', '0', '0'),
(55, 'Arabe', '', 'Masculino', '', '', 'No quiso Recibir', '', 'Recta de las minas de San Antonio', '', '', 'Casona II- Local de Ropa', '1', '', '', 'Al lado de Goy', 'Antony', '', '2013-06-03 00:00:00', '', '', '0', '0', '0'),
(56, 'Arabe', '', 'Masculino', '', '', '', '', 'Recta de las minas de San Antonio', '', '', 'Casona I - Feria de Comidas - Venta de Comida Arabe', '3', '', '', '', 'Jose Toro', '', '2013-06-03 00:00:00', '', 'Folleto la Verdad', '0', '0', '0'),
(57, 'Arabe', 'Sabah', 'Femenino', '', '', 'Interesada', '', 'Recta de las minas de San Antonio', '', '', 'Casona I- tienda de Ropa', '3', '', '', 'Al lado de Cabaña menu', 'Noemi', '', '2013-06-03 00:00:00', 'La sangre', '', '0', '0', '0'),
(58, 'Arabe', 'Jose Sleiman', 'Masculino', '', '', 'No es el dueño, es un empleado', '', 'Boyaca', '', '', 'Tienda Nutricosmos', '', '', '3223209', 'frente al gran casino', 'Liliana Herrera', '', '', '', '', '0', '0', '0'),
(59, 'Arabe', 'Michell', 'Masculino', '', '', '', '', 'Independencia', '', '', 'Spa 2000', '', '', '', '', 'Aura', '', '', '', '', '0', '0', '0'),
(60, 'Arabe', '', '', '', '', '', '', 'Independencia', 'Avenida independencia con Miquilen', '', 'Tienda la Preciosa', '', '', '', '', 'Aura', '', '', '', '', '0', '0', '0'),
(61, 'Arabe', '', '', '', '', '', '', 'Independencia', '', '', 'Tienda Neneboy', '', '', '', 'Centro', 'Aura', '', '', '', '', '0', '0', '0'),
(62, 'Arabe', '', '', '', '', '', '', 'Independencia', '', '', 'Casa Leomar', '', '', '', 'CC Miranda', 'Aura', '', '', '', '', '0', '0', '0'),
(63, 'Arabe', 'Rober', 'Masculino', '', '', '', '', 'Ribas', '', '', 'Inversiones Elen May', '', '', '', 'Despues de Tequejumbo, Zapateria', '', '', '', '', '', '0', '0', '0'),
(64, 'Arabe', '', 'Masculino', '', '', 'No quiere nada', '', 'Ribas', '', '', 'Inversiones Harba', '', '', '', '', '', '', '', '', '', '0', '0', '0'),
(65, 'Arabe', '', 'Masculino', '', '', '', '', 'Ribas', '', '', 'Almacenes JonStar C.A.', '', '', '', 'Tienda ovejita al lado de Movistar, venta de uniformes escolares', '', '', '', '', '', '0', '0', '0'),
(66, 'Arabe', 'Adele', 'Femenino', '', '', 'No desea nada de otras religiones', '', 'Ribas', '', '', 'Zapateria el Cedro', '', '', '', 'Frente al boulevar', '', '', '', '', '', '0', '0', '0'),
(67, 'Arabe', '', 'Masculino', '', '', 'No quiere nada, por no tener tiempo', '', 'Ribas', '', '', 'Zapateria Hanna', '', '', '', '', '', '', '', '', '', '0', '0', '0'),
(68, 'Arabe', 'Zayyel', 'Masculino', '', '', 'Libanes, cree en jesucristo', '', 'Ribas', '', '', 'Zapateria', '', '', '', 'Frente al antiguo cine guaicaipuro', '', '', '', '', '', '0', '0', '0'),
(69, 'Arabe', '', 'Masculino', '', '', '', '', 'Ribas', '', '', 'Inversiones Amir', '', '', '', 'Al lado de comercial chino, cerca de la merceria', 'Oneida Suarez', '', '', '', '', '0', '0', '0'),
(70, 'Arabe', '', 'Masculino', '', '', '', '', 'Miquilen', '', '', 'Mueblería Corporación Nayef C.A.', '', '', '', 'Al lado del comercial JH20 Marah, derecha sentido terminal - metro', 'Liliana Herrera', '', '2013-08-15 00:00:00', '', '', '0', '0', '0'),
(71, 'Arabe', '', '', '', '', 'Hay varios árabes', '', 'Miquilen', '', '', 'Comercial Salím 5000 C.A.', '', '', '', 'Mueblería, Hay dos locales juntos,derecha sentido terminal - metro', 'Liliana Herrera', '', '2013-08-15 00:00:00', '', '', '0', '0', '0'),
(72, 'Arabe', '', '', '', '', 'Una mujer y un hombre', '', 'Miquilen', '', 'Repetto', '', 'PB', '', '', 'local sin nombre, entre agencia de loteria y ferreteria, derecha sentido terminal - metro', 'Liliana Herrera', '', '2013-08-15 00:00:00', '', '', '0', '0', '0'),
(73, 'Arabe', '', 'Masculino', '', '', '', '', 'Miquilen', '', '', 'Comercial Yazzan 5000 C.A.', '', '', '', 'Venta de electrodomesticos, Al lado de distribuidora ning y feng, derecha sentido terminal - metro', 'Liliana Herrera', '', '2013-08-15 00:00:00', '', '', '0', '0', '0'),
(74, 'Arabe', '', 'Masculino', '', '', 'Son dos, padre e hijo', '', 'Miquilen', '', '', 'Tienda Mascotin', '', '', '', 'Avicola, Al lado de zapateria total, derecha sentido terminal - metro', 'Liliana Herrera', '', '2013-08-15 00:00:00', '', '', '0', '0', '0'),
(75, 'Arabe', '', '', '', '', '', '', 'Miquilen', '', '', 'Zapateria Total II', '', '', '', 'Al lado de librería La tentadora, derecha sentido terminal - metro', 'Liliana Herrera', '', '2013-08-15 00:00:00', '', '', '0', '0', '0'),
(76, 'Arabe', '', '', '', '', '', '', 'Miquilen', '', '', 'La tienda del castillo', '', '', '', 'derecha sentido terminal - metro', 'Liliana Herrera', '', '2013-08-15 00:00:00', '', '', '0', '0', '0'),
(77, 'Arabe', '', '', '', '', '', '', 'Miquilen', '', '', 'La preciosa secret´s 2012 C.A.', '', '', '', 'Tienda de ropa, Al lado del salón del reino de la plaza guaicaipuro, derecha sentido terminal - metro', 'Liliana Herrera', '', '2013-08-15 00:00:00', '', '', '0', '0', '0'),
(78, 'Arabe', '', 'Masculino', '', '', 'Dos arabes', '', 'Miquilen', '', '', 'Tienda Levi´s', '', '', '', 'A una tienda de la rivalcid, frente a tejidos marbella, derecha sentido terminal - metro', 'Liliana Herrera', '', '2013-08-15 00:00:00', '', '', '0', '0', '0'),
(79, 'Arabe', '', '', '', '', '', '', 'Miquilen', '', '', 'El lider de la lenceria mayor y detal', '', '', '', 'Frente a Luz Eléctrica derecha sentido terminal - metro', 'Liliana Herrera', '', '2013-08-15 00:00:00', '', '', '0', '0', '0'),
(80, 'Arabe', '', 'Masculino', '', '', '', '', 'Miquilen', '', '', 'Deportes Waston', '', '', '', 'izquierda sentido terminal - metro', 'Oneida Suarez', '', '2013-08-15 00:00:00', '', '', '1', '0', '0'),
(81, 'Arabe', '', 'Masculino', '', '', 'Son dos', '', 'Miquilen', '', '', '', '', '', '', 'Muebleria, Al lado de deportes Waston izquierda sentido terminal - metro', 'Oneida Suarez', '', '2013-08-15 00:00:00', '', '', '1', '0', '0'),
(82, 'Arabe', '', 'Masculino', '', '', 'Son dos', '', 'Miquilen', '', '', '', '', '', '', 'Muebleria y Tienda de Ropa Al lado de Deportes Waston izquierda sentido terminal - metro', 'Oneida Suarez', '', '2013-08-15 00:00:00', '', '', '0', '0', '0'),
(83, 'Arabe', 'Jose', 'Masculino', '', '', 'Quiere literatura en arabe', '', 'Miquilen', '', '', 'Muebles Gran Poder', '', '', '', 'izquierda sentido terminal - metro', 'Oneida Suarez', '', '2013-08-15 00:00:00', '', 'Tratado Nuevo Mundo', '0', '0', '0'),
(84, 'Arabe', '', 'Masculino', '', '', '', '', 'Miquilen', '', '', 'Comercial el Llano', '', '', '', 'Despues de Muebles Gran Poder, izquierda sentido terminal - metro', 'Oneida Suarez', '', '2013-08-15 00:00:00', '', '', '0', '0', '0'),
(85, 'Arabe', '', 'Masculino', '', '', 'Familia de Arabes', '', 'Miquilen', '', '', 'Comercial Salvador', '', '', '', 'Al frente de la nueva parada de Jeeps Palo Alto, izquierda sentido terminal - metro', 'Oneida Suarez', '', '2013-08-15 00:00:00', '', '', '1', '0', '0'),
(86, 'Arabe', '', 'Masculino', '', '', 'Dueño es arabe', '', 'Miquilen', '', '', 'Tiendas Cooper', '', '', '', 'Al lado Tv Estrella, izquierda sentido terminal - metro', 'Oneida Suarez', '', '2013-08-15 00:00:00', '', '', '0', '0', '0'),
(87, 'Arabe', '', 'Masculino', '', '', 'Son dos arabes', '', 'Miquilen', '', '', 'Comercial Hermanos Madros', '', '', '', 'Al lado de optica Reis, antigua para de jeeps de palo alto, izquierda sentido terminal - metro', 'Oneida Suarez', '', '2013-08-15 00:00:00', '', '', '0', '0', '0'),
(88, 'Arabe', '', 'Masculino', '', '', 'Dos Arabes, poco interes', '', 'Miquilen', '', '', 'Zapateria Adixon', '', '', '', 'Al lado de Librería Porti-Ven, izquierda sentido terminal - metro', 'Oneida Suarez', '', '2013-08-15 00:00:00', '', '', '0', '0', '0'),
(89, 'Arabe', '', 'Masculino', '', '', 'Dos Arabes', '', 'Miquilen', '', '', 'Zapateria Total I', '', '', '', 'izquierda sentido terminal - metro', 'Oneida Suarez', '', '2013-08-15 00:00:00', '', '', '0', '0', '0'),
(90, 'Arabe', '', 'Masculino', '', '', 'Receptivo', '', 'Miquilen', '', '', 'Electrodomesticos CociHogar A.B.C', '', '', '', 'Altura Panaderia Roman, Al lado de la Tienda de Bisuteria China, izquierda sentido terminal - metro', 'Oneida Suarez', '', '2013-08-15 00:00:00', '', '', '0', '0', '0'),
(91, 'Arabe', '', 'Masculino', '', '', 'No quiere que le prediquen', '', 'Miquilen', '', '', 'Inversiones Amari C.A', '', '', '', 'Al lado de CosiHogar, izquierda sentido terminal - metro', 'Oneida Suarez', '', '2013-08-15 00:00:00', '', '', '0', '0', '0'),
(92, 'Arabe', '', 'Femenino', '', '', '', '', 'Bermudez', '', '', 'Zapateria Marbella', '', '', '', 'derecho sentido terminal - metro', 'Ruth de Castillo', '', '2013-08-15 00:00:00', '', 'Tratado La Verdad', '0', '0', '0'),
(93, 'Arabe', '', 'Masculino', '', '', '', '', 'Bermudez', '', '', 'Kamidako', '', '', '', 'Al lado de lenceria Guaky 2007, derecho sentido terminal - metro', 'Ruth de Castillo', '', '2013-08-15 00:00:00', '', 'Tratado La verdad', '0', '0', '0'),
(94, 'Arabe', '', 'Masculino', '', '', '', '', 'Bermudez', '', '', 'Wrangler', '', '', '', 'Cerca del Banco Mercantil, derecho sentido terminal - metro', 'Ruth de Castillo', '', '2013-08-15 00:00:00', '', 'Tratado La verdad', '0', '0', '0'),
(95, 'Arabe', '', 'Masculino', '', '', '', '', 'Hoyada', '', '', 'Estrella de Sa', '', '', '', 'Al lado de la luz Electrica, izquierdo sentido terminal - metro', 'Amalia de Fernandes', '', '2013-08-16 00:00:00', '', 'Tratado Gobernante', '1', '0', '0'),
(96, 'Arabe', 'Cissa', 'Masculino', '', '', 'Quiere literatura', '', 'Hoyada', '', '', 'Alwasita', '', '', '', 'Al lado de la luz electrica, izquierdo sentido terminal - metro', 'Amalia Fernandes', '', '2013-08-16 00:00:00', '', 'Tratado Ser querido', '1', '0', '0'),
(97, 'Arabe', 'Yassek', 'Masculino', '', '', '', '', 'Hoyada', '', '', 'Local 1-A', '', '', '', 'Minitiendas la Hoyada, Frente al Hermano Jose Sibri, izquierdo sentido terminal - metro', 'Amalia Fernandes', '', '2013-08-16 00:00:00', '', 'Tratado Gobernante', '1', '0', '0'),
(98, 'Arabe', 'Simon', 'Masculino', '', '', '', '', 'Hoyada', '', '', 'Local 40-B', '', '', '', 'Minitiendas la hoyada', 'Amalia Fernandes', '', '2013-08-16 00:00:00', '', 'Tratado Gobernante', '1', '0', '0'),
(99, 'Arabe', '', 'Masculino', '', '', '', '', 'Hoyada', '', '', 'Kamawat', '', '', '', 'Afuera del Paseo Mirandino', 'Amalia Fernandes', '', '2013-08-16 00:00:00', '', '', '1', '0', '0'),
(100, 'Arabe', '', 'Masculino', '', '', '', '', 'Hoyada', '', '', 'Distribuidora Amax', '', '', '', 'Afuera del Paseo Mirandino, Venta de Ropa', 'Amalia Fernandes', '', '2013-08-16 00:00:00', '', '', '1', '0', '0'),
(101, 'Arabe', '', '', '', '', '', '', 'Hoyada', '', '', 'Local 34', '', '', '', 'Minitiendas la Hoyada, Primera Puerta', 'Amalia Fernandes', '', '', '', '', '1', '0', '0'),
(102, 'Arabe', '', 'Masculino', '', '', '', '', 'Bermudez', '', '', 'Merceria La Estrella', '', '', '', 'Al lado de la Bonanza, izquierdo sentido terminal - metro', 'Noemi de Acosta', '', '2013-08-15 00:00:00', '', 'Tratado La verdad', '1', '0', '0'),
(103, 'Arabe', '', '', '', '', 'No tiene interes', '', 'Bermudez', '', '', 'Aldar Sport', '', '', '', 'Al lado de Merceria La Estrella, izquierdo sentido terminal - metro', 'Noemi de Acosta', '', '2013-08-15 00:00:00', '', '', '1', '0', '0'),
(104, 'Arabe', '', 'Masculino', '', '', '', '', 'Independencia', '', '', 'Mundo Sport', '', '', '', 'Esquina de Digitel, izquierdo sentido terminal - metro', 'Lliana Herrera', '', '2013-08-16 00:00:00', '', '', '0', '0', '0'),
(105, 'Arabe', '', 'Masculino', '', '', '', '', 'Independencia', '', '', 'Leader Kids', '', '', '', 'Al lado de Farmalider', 'Liliana Herrera', '', '2013-08-16 00:00:00', '', '', '1', '0', '0'),
(106, 'Arabe', '', 'Masculino', '', '', '', '', 'Independencia', '', '', 'Tienda Wrangler', '', '', '', 'Al lado de Leader Kids', 'Liliana Herrera', '', '2013-08-16 00:00:00', '', '', '0', '0', '0'),
(107, 'Arabe', '', 'Masculino', '', '', 'Tiene el Coran', '', 'Carabobo', '', '', 'Tienda Wrangler', '', '', '', 'Frente Antigua Parada Caracas Los Teques', 'Liliana Herrera', '', '2013-08-16 00:00:00', '', '', '0', '0', '0'),
(108, 'Arabe', '', 'Masculino', '', '', '', '', 'Ribas', '', '', '', '', '', '', 'Zapateria', 'Oneida Suarez', '', '2013-08-16 00:00:00', '', '', '0', '0', '0'),
(109, 'Arabe', '', 'Masculino', '', '', '', '', 'Ribas', '', '', '', '', '', '', 'Servicio técnico de TV', 'Oneida Suarez', '', '2013-08-16 00:00:00', '', '', '0', '0', '0'),
(110, 'Arabe', '', 'Masculino', '', '', '', '', 'Ribas', '', '', 'Plasticos Sambrano', '', '', '02123232614', '', 'Oneida Suarez', '', '2013-08-16 00:00:00', '', '', '0', '0', '0'),
(111, 'Arabe', '', 'Masculino', '', '', '', '', 'Ribas', '', '', '', 'PB', '', '', 'Sastreria, Al lado de óptica Optiven C.A. Galeria Bolivar', 'Oneida Suarez', '', '2013-08-16 00:00:00', '', '', '0', '0', '0'),
(112, 'Arabe', '', '', '', '', '', '', 'Ribas', '', '', 'Tienda Jorge Hermanos', '', '', '', 'Tienda ovejita', 'Oneida Suarez', '', '2013-08-16 00:00:00', '', '', '0', '0', '0'),
(113, 'Arabe', '', 'Masculino', '', '', '', '', 'Ribas', '', '', 'Eve May', '', '', '', 'Zapateria', 'Oneida Suarez', '', '2013-08-16 00:00:00', '', '', '0', '0', '0'),
(114, 'Arabe', '', '', '', '', '', '', 'Francisco Ruso Ferrer', '', '', 'Fundación estudios de danza Morisca', '2', '', '', 'Escuela de danza árabe, Centro comercial Vasconia, al lado de Interzona, a dos locales de pizzeria', 'Nazaret de Toro', '', '2013-08-16 00:00:00', '', '', '0', '0', '0'),
(115, 'Arabe', '', '', '', '', '', '', 'Francisco Ruso Ferrer', '', '', 'Restaurant Chafet agwe', 'PB', '', '', 'Comida libanes, Centro comercial Los Teques, frente al Banco BFC', 'Nazaret de Toro', '', '2013-08-16 00:00:00', '', '', '0', '0', '0');

-- 
-- Dumping data for table idiomas
--
INSERT INTO idiomas VALUES
(1, 'Árabe', '2014-03-10 22:11:45', '2014-03-10 22:11:45'),
(2, 'Portugues', '2014-03-20 08:09:00', '2014-03-20 08:09:04');

-- 
-- Dumping data for table migracion_personas
--
INSERT INTO migracion_personas VALUES
('161', 'Miguel', NULL, 'hombre', NULL, 'casa', 'Calle Guacaipuro', NULL, NULL, NULL, NULL, 'Comercial electronico', NULL, '1', '3648935'),
('165', 'Jose Ramon', NULL, 'hombre', NULL, 'casa', 'Recta de las minas de San Antonio', NULL, NULL, NULL, NULL, 'La Casona - Los Arabitos', NULL, '3', '2147483647'),
('171', 'Jose Sleiman', NULL, 'hombre', NULL, 'casa', 'Boyaca', NULL, NULL, NULL, NULL, 'Tienda Nutricosmos', 'frente al gran casino', '1', '3223209'),
('223', NULL, NULL, 'hombre', NULL, 'casa', 'Ribas', NULL, NULL, NULL, NULL, 'Plasticos Sambrano', NULL, '1', '2123232614'),
('114', 'Sra Delia', NULL, 'mujer', NULL, 'casa', 'Bermudez', 'Final calle guaicaipuro', 'Araguaney', 'PH', 'A', NULL, NULL, '1', NULL),
('115', NULL, NULL, 'hombre', NULL, 'casa', 'Bermudez', NULL, NULL, NULL, NULL, 'Comercial Kainotak', NULL, '1', NULL),
('116', NULL, NULL, 'hombre', NULL, 'casa', 'Bermudez', NULL, NULL, NULL, NULL, 'Zapateria Conforteset', NULL, '1', NULL),
('117', NULL, NULL, 'hombre', NULL, 'casa', 'Bermudez', NULL, NULL, NULL, NULL, 'Muebleria Miracielo', NULL, '1', NULL),
('118', NULL, NULL, NULL, NULL, 'casa', 'Bermudez', NULL, NULL, NULL, NULL, 'Farmacia Jocari', NULL, '1', NULL),
('119', 'Sr Jocero', NULL, 'hombre', NULL, 'casa', 'Bermudez', NULL, NULL, NULL, NULL, 'Venta de lenceria', NULL, '1', NULL),
('120', 'Sr Jose', NULL, 'hombre', NULL, 'casa', 'Bermudez', NULL, NULL, NULL, NULL, 'Arreglo de Zapatos', NULL, '1', NULL),
('121', NULL, NULL, 'hombre', NULL, 'casa', 'Bermudez', NULL, NULL, NULL, NULL, 'Tienda SuperCool', NULL, '1', NULL),
('122', 'Sr Mohamed', NULL, 'hombre', NULL, 'casa', 'Bermudez', NULL, NULL, 'PB', NULL, 'Lenceria Miracielo', NULL, '1', NULL),
('123', NULL, NULL, 'hombre', NULL, 'casa', 'Bermudez', NULL, 'Residencias el Parque', '10', NULL, NULL, NULL, '1', NULL),
('124', 'Saul', NULL, 'hombre', NULL, 'casa', 'Miquilen', NULL, NULL, NULL, NULL, 'Muebleria Miquilen 2050', NULL, '1', NULL),
('125', 'Dixion', NULL, 'hombre', NULL, 'casa', 'Miquilen', NULL, NULL, NULL, NULL, 'Calzado y Algo más', NULL, '1', NULL),
('126', 'Naji', NULL, 'hombre', NULL, 'casa', 'Miquilen', NULL, NULL, NULL, NULL, 'Tienda Total º1', NULL, '1', NULL),
('127', 'Antonio Hanna', NULL, 'hombre', NULL, 'casa', 'Miquilen', NULL, NULL, NULL, NULL, 'Tienda Hanna', NULL, '1', NULL),
('128', 'Mustafa', NULL, 'hombre', NULL, 'casa', 'Miquilen', NULL, NULL, NULL, NULL, NULL, 'Frente a Farmacias Saas', '1', NULL),
('129', 'Yazan', NULL, 'hombre', NULL, 'casa', 'Miquilen', NULL, NULL, NULL, NULL, 'Comercial Macostifan', NULL, '1', NULL),
('130', 'Jehad Jazan', NULL, 'hombre', NULL, 'casa', 'Miquilen', NULL, NULL, NULL, NULL, 'Muebleria Comercial JH-20 Marah C.A.', 'Al lado de charcuteria Isamar, derecha sentido terminal - metro', '1', NULL),
('131', NULL, NULL, 'hombre', NULL, 'casa', 'Miquilen', NULL, NULL, NULL, NULL, 'La Gioconda', 'Muebleria, Al lado de la tienda mascotin, derecha sentido terminal - metro', '1', NULL),
('132', NULL, NULL, 'hombre', NULL, 'casa', 'Miquilen', NULL, NULL, NULL, NULL, 'Zapateria Full Estilo', 'Frente al Banco Mercantil', '1', NULL),
('133', 'Josue', NULL, 'hombre', NULL, 'casa', 'Miquilen', NULL, NULL, NULL, NULL, 'Zapateria', 'Al lado de todo partes', '1', NULL),
('134', 'Magdalena', NULL, 'mujer', 'Hija de Arabe', 'casa', 'Miquilen', NULL, NULL, NULL, NULL, NULL, 'Frente a la optica Reis', '1', NULL),
('135', 'Fanny', NULL, 'mujer', NULL, 'casa', 'Miquilen', NULL, NULL, NULL, NULL, 'Tienda Fanny Gurt', NULL, '1', NULL),
('136', 'Jorge', NULL, 'hombre', NULL, 'casa', 'Miquilen', NULL, NULL, NULL, NULL, 'Casihogar', 'Frente a Rivalcid', '1', NULL),
('137', 'Tosty', NULL, 'hombre', NULL, 'casa', 'Miquilen', NULL, NULL, NULL, NULL, 'Inversiones Aldor', 'Diagonal Luz electrica', '1', NULL),
('138', 'Milar', NULL, 'hombre', NULL, 'casa', 'Miquilen', 'Calle miquilen cruze con carabobo', NULL, NULL, NULL, 'Gina Sport K.B.', 'Tienda de zapatos, derecha sentido terminal - metro', '1', NULL),
('139', NULL, NULL, NULL, NULL, 'casa', NULL, NULL, NULL, NULL, NULL, 'Centro de Comunicaciones', 'Despues del antiguo cine guacaipuro', '1', NULL),
('140', NULL, NULL, NULL, NULL, 'casa', 'Ribas', NULL, NULL, NULL, NULL, 'almacen Sam stan', NULL, '1', NULL),
('141', NULL, NULL, 'hombre', NULL, 'casa', NULL, NULL, NULL, NULL, NULL, 'Reparaciones Tv', NULL, '1', NULL),
('142', NULL, NULL, NULL, NULL, 'casa', 'Ribas', 'Entre Calle Ayacucho y Junin', NULL, NULL, NULL, 'Inversiones Harissa', 'Venta de uniformes escolares', '1', NULL),
('143', 'Jihar', NULL, 'hombre', NULL, 'casa', 'Ribas', NULL, NULL, NULL, NULL, 'Comercial Arabito', 'Al lado del boulevar lamas', '1', NULL),
('144', NULL, NULL, 'hombre', NULL, 'casa', 'Hoyada', NULL, NULL, NULL, NULL, 'Restaurante Salamaleiku', 'Frente a las minitiendas la Hoyada', '1', NULL),
('145', 'Mevehel', NULL, NULL, NULL, 'casa', 'Hoyada', NULL, NULL, NULL, NULL, 'Local 27-b', 'Minitiendas La Hoyada', '1', NULL),
('146', 'Luis', NULL, 'hombre', NULL, 'casa', 'Hoyada', NULL, NULL, NULL, NULL, ' Local 30', 'Minitiendas La Hoyada', '1', NULL),
('147', NULL, NULL, NULL, NULL, 'casa', NULL, NULL, NULL, NULL, NULL, 'Minitiendas la Hoyada- Local 53-a', NULL, '1', NULL),
('148', 'Joseph', NULL, 'hombre', NULL, 'casa', NULL, NULL, NULL, NULL, NULL, 'Zapateria', 'Frente a las minitiendas', '1', NULL),
('149', 'Asa', NULL, 'hombre', NULL, 'casa', 'Hoyada', NULL, NULL, NULL, NULL, 'Paseo Mirandino, Tienda Wrangler', NULL, '1', NULL),
('150', 'Michell', NULL, 'hombre', NULL, 'casa', 'Hoyada', NULL, NULL, NULL, NULL, 'Paseo Mirandino- Distribuidora Anway', NULL, '1', NULL),
('151', 'Kamar', NULL, 'hombre', NULL, 'casa', 'Hoyada', NULL, NULL, NULL, NULL, 'Paseo Mirandino - Zapateria Creaciones Xtasis', NULL, '1', NULL),
('152', 'Jorge', NULL, 'hombre', NULL, 'casa', 'Hoyada', NULL, NULL, NULL, NULL, 'Paseo Mirandino - Comercial Camaguan', NULL, '1', NULL),
('153', NULL, NULL, NULL, NULL, 'casa', 'Hoyada', NULL, NULL, NULL, NULL, 'Paseo Mirandino - Zapateria Kama', NULL, '1', NULL),
('154', 'Alejandro', NULL, 'hombre', NULL, 'casa', 'Hoyada', NULL, NULL, NULL, NULL, 'Paseo Mirandino- tienda de telefonos', 'diagonal a la farmacia', '1', NULL),
('155', NULL, NULL, NULL, NULL, 'casa', 'Hoyada', NULL, NULL, NULL, NULL, 'Paseo Mirandino- Inversiones Khama- Sport', NULL, '1', NULL),
('156', 'Jason', NULL, NULL, NULL, 'casa', 'Hoyada', NULL, NULL, NULL, NULL, 'Pasea Mirandino- comercial Lider de la Marca', NULL, '1', NULL),
('157', NULL, NULL, 'mujer', NULL, 'casa', 'Hoyada', NULL, NULL, NULL, NULL, 'CC Jorey - Joyeria y Tienda de Prendas', 'Frente a la Bomba del Savil', '1', NULL),
('158', 'Dr Nayen Dager', NULL, 'hombre', NULL, 'casa', 'Bolivar', NULL, NULL, NULL, NULL, 'Centro clinico Profesional', 'Galeria bolivar', '1', NULL),
('159', 'Yasmin', NULL, 'mujer', NULL, 'casa', 'Bolivar', NULL, NULL, NULL, NULL, 'El mundo del Bebe', 'Diagonal al Banco bicentenario', '1', NULL),
('160', NULL, NULL, NULL, NULL, 'casa', 'Calle Guacaipuro', NULL, NULL, NULL, NULL, 'Creaciones Damasco', 'diagonal a la Catedral', '1', NULL),
('162', 'Maria', NULL, 'mujer', NULL, 'casa', 'Calle Guacaipuro', NULL, NULL, NULL, NULL, 'Novedades Nacho', NULL, '1', NULL),
('163', 'Emma', NULL, 'mujer', NULL, 'casa', 'Calle Guacaipuro', NULL, NULL, NULL, NULL, 'Minitiendas de Ropa y tela', 'Entre peluqueria y Residencias Hermoso', '1', NULL),
('164', 'Elias', NULL, 'hombre', NULL, 'casa', 'Calle Guacaipuro', NULL, NULL, NULL, NULL, 'Restaurant Shawarma', 'Cuatro Esquinas', '1', NULL),
('166', NULL, NULL, 'hombre', NULL, 'casa', 'Recta de las minas de San Antonio', NULL, NULL, '3', NULL, 'La Casona II - Centro Tibetano', NULL, '3', NULL),
('167', NULL, NULL, 'mujer', NULL, 'casa', 'Recta de las minas de San Antonio', NULL, NULL, 'PB', NULL, 'Casona II licoreria ', NULL, '3', NULL),
('168', NULL, NULL, 'hombre', NULL, 'casa', 'Recta de las minas de San Antonio', NULL, NULL, '1', NULL, 'Casona II- Local de Ropa', 'Al lado de Goy', '3', NULL),
('169', NULL, NULL, 'hombre', NULL, 'casa', 'Recta de las minas de San Antonio', NULL, NULL, '3', NULL, 'Casona I - Feria de Comidas - Venta de Comida Arabe', NULL, '3', NULL),
('170', 'Sabah', NULL, 'mujer', NULL, 'casa', 'Recta de las minas de San Antonio', NULL, NULL, '3', NULL, 'Casona I- tienda de Ropa', 'Al lado de Cabaña menu', '3', NULL),
('172', 'Michell', NULL, 'hombre', NULL, 'casa', 'Independencia', NULL, NULL, NULL, NULL, 'Spa 2000', NULL, '1', NULL),
('173', NULL, NULL, 'hombre', NULL, 'casa', 'Independencia', 'Avenida independencia con Miquilen', NULL, NULL, NULL, 'Tienda la Preciosa', NULL, '1', NULL),
('174', NULL, NULL, NULL, NULL, 'casa', 'Independencia', NULL, NULL, NULL, NULL, 'Tienda Neneboy', 'Centro', '1', NULL),
('175', NULL, NULL, NULL, NULL, 'casa', 'Independencia', NULL, NULL, NULL, NULL, 'Casa Leomar', 'CC Miranda', '1', NULL),
('176', 'Rober', NULL, 'hombre', NULL, 'casa', 'Ribas', NULL, NULL, NULL, NULL, 'Inversiones Elen May', 'Despues de Tequejumbo, Zapateria', '1', NULL),
('177', NULL, NULL, 'hombre', NULL, 'casa', 'Ribas', NULL, NULL, NULL, NULL, 'Inversiones Harba', NULL, '1', NULL),
('178', NULL, NULL, 'hombre', NULL, 'casa', 'Ribas', NULL, NULL, NULL, NULL, 'Almacenes JonStar C.A.', 'Tienda ovejita al lado de Movistar, venta de uniformes escolares', '1', NULL),
('179', 'Adele', NULL, 'mujer', NULL, 'casa', 'Ribas', NULL, NULL, NULL, NULL, 'Zapateria el Cedro', 'Frente al boulevar', '1', NULL),
('180', NULL, NULL, 'hombre', NULL, 'casa', 'Ribas', NULL, NULL, NULL, NULL, 'Zapateria Hanna', NULL, '1', NULL),
('181', 'Zayyel', NULL, 'hombre', NULL, 'casa', 'Ribas', NULL, NULL, NULL, NULL, 'Zapateria', 'Frente al antiguo cine guaicaipuro', '1', NULL),
('182', NULL, NULL, 'hombre', NULL, 'casa', 'Ribas', NULL, NULL, NULL, NULL, 'Inversiones Amir', 'Al lado de comercial chino, cerca de la merceria', '1', NULL),
('183', NULL, NULL, 'hombre', NULL, 'casa', 'Miquilen', NULL, NULL, NULL, NULL, 'Mueblería Corporación Nayef C.A.', 'Al lado del comercial JH20 Marah, derecha sentido terminal - metro', '1', NULL),
('184', NULL, NULL, NULL, NULL, 'casa', 'Miquilen', NULL, NULL, NULL, NULL, 'Comercial Salím 5000 C.A.', 'Mueblería, Hay dos locales juntos,derecha sentido terminal - metro', '1', NULL),
('185', NULL, NULL, NULL, NULL, 'casa', 'Miquilen', NULL, 'Repetto', 'PB', NULL, NULL, 'local sin nombre, entre agencia de loteria y ferreteria, derecha sentido terminal - metro', '1', NULL),
('186', NULL, NULL, 'hombre', NULL, 'casa', 'Miquilen', NULL, NULL, NULL, NULL, 'Comercial Yazzan 5000 C.A.', 'Venta de electrodomesticos, Al lado de distribuidora ning y feng, derecha sentido terminal - metro', '1', NULL),
('187', NULL, NULL, 'hombre', NULL, 'casa', 'Miquilen', NULL, NULL, NULL, NULL, 'Tienda Mascotin', 'Avicola, Al lado de zapateria total, derecha sentido terminal - metro', '1', NULL),
('188', 'essam ', 'khaan', 'hombre', NULL, 'casa', 'Miquilen', NULL, NULL, NULL, NULL, 'Zapateria Total II', 'Al lado de librería La tentadora, derecha sentido terminal - metro', '1', NULL),
('189', NULL, NULL, NULL, NULL, 'casa', 'Miquilen', NULL, NULL, NULL, NULL, 'La tienda del castillo', 'derecha sentido terminal - metro', '1', NULL),
('190', NULL, NULL, NULL, NULL, 'casa', 'Miquilen', NULL, NULL, NULL, NULL, 'La preciosa secret´s 2012 C.A.', 'Tienda de ropa, Al lado del salón del reino de la plaza guaicaipuro, derecha sentido terminal - metro', '1', NULL),
('191', NULL, NULL, 'hombre', NULL, 'casa', 'Miquilen', NULL, NULL, NULL, NULL, 'Tienda Levi´s', 'A una tienda de la rivalcid, frente a tejidos marbella, derecha sentido terminal - metro', '1', NULL),
('192', NULL, NULL, NULL, NULL, 'casa', 'Miquilen', NULL, NULL, NULL, NULL, 'El lider de la lenceria mayor y detal', 'Frente a Luz Eléctrica derecha sentido terminal - metro', '1', NULL),
('193', NULL, NULL, 'hombre', NULL, 'casa', 'Miquilen', NULL, NULL, NULL, NULL, 'Deportes Waston', 'izquierda sentido terminal - metro', '1', NULL),
('194', NULL, NULL, 'hombre', NULL, 'casa', 'Miquilen', NULL, NULL, NULL, NULL, NULL, 'Muebleria, Al lado de deportes Waston izquierda sentido terminal - metro', '1', NULL),
('195', NULL, NULL, 'hombre', NULL, 'casa', 'Miquilen', NULL, NULL, NULL, NULL, NULL, 'Muebleria y Tienda de Ropa Al lado de Deportes Waston izquierda sentido terminal - metro', '1', NULL),
('196', 'Jose', NULL, 'hombre', NULL, 'casa', 'Miquilen', NULL, NULL, NULL, NULL, 'Muebles Gran Poder', 'izquierda sentido terminal - metro', '1', NULL),
('197', NULL, NULL, 'hombre', NULL, 'casa', 'Miquilen', NULL, NULL, NULL, NULL, 'Comercial el Llano', 'Despues de Muebles Gran Poder, izquierda sentido terminal - metro', '1', NULL),
('198', NULL, NULL, 'hombre', NULL, 'casa', 'Miquilen', NULL, NULL, NULL, NULL, 'Comercial Salvador', 'Al frente de la nueva parada de Jeeps Palo Alto, izquierda sentido terminal - metro', '1', NULL),
('199', NULL, NULL, 'hombre', NULL, 'casa', 'Miquilen', NULL, NULL, NULL, NULL, 'Tiendas Cooper', 'Al lado Tv Estrella, izquierda sentido terminal - metro', '1', NULL),
('200', NULL, NULL, 'hombre', NULL, 'casa', 'Miquilen', NULL, NULL, NULL, NULL, 'Comercial Hermanos Madros', 'Al lado de optica Reis, antigua para de jeeps de palo alto, izquierda sentido terminal - metro', '1', NULL),
('201', NULL, NULL, 'hombre', NULL, 'casa', 'Miquilen', NULL, NULL, NULL, NULL, 'Zapateria Adixon', 'Al lado de Librería Porti-Ven, izquierda sentido terminal - metro', '1', NULL),
('202', NULL, NULL, 'hombre', NULL, 'casa', 'Miquilen', NULL, NULL, NULL, NULL, 'Zapateria Total I', 'izquierda sentido terminal - metro', '1', NULL),
('203', NULL, NULL, 'hombre', NULL, 'casa', 'Miquilen', NULL, NULL, NULL, NULL, 'Electrodomesticos CociHogar A.B.C', 'Altura Panaderia Roman, Al lado de la Tienda de Bisuteria China, izquierda sentido terminal - metro', '1', NULL),
('204', NULL, NULL, 'hombre', NULL, 'casa', 'Miquilen', NULL, NULL, NULL, NULL, 'Inversiones Amari C.A', 'Al lado de CosiHogar, izquierda sentido terminal - metro', '1', NULL),
('205', NULL, NULL, 'mujer', NULL, 'casa', 'Bermudez', NULL, NULL, NULL, NULL, 'Zapateria Marbella', 'derecho sentido terminal - metro', '1', NULL),
('206', NULL, NULL, 'hombre', NULL, 'casa', 'Bermudez', NULL, NULL, NULL, NULL, 'Kamidako', 'Al lado de lenceria Guaky 2007, derecho sentido terminal - metro', '1', NULL),
('207', NULL, NULL, 'hombre', NULL, 'casa', 'Bermudez', NULL, NULL, NULL, NULL, 'Wrangler', 'Cerca del Banco Mercantil, derecho sentido terminal - metro', '1', NULL),
('208', NULL, NULL, 'hombre', NULL, 'casa', 'Hoyada', NULL, NULL, NULL, NULL, 'Estrella de Sa', 'Al lado de la luz Electrica, izquierdo sentido terminal - metro', '1', NULL),
('209', 'Cissa', NULL, 'hombre', NULL, 'casa', 'Hoyada', NULL, NULL, NULL, NULL, 'Alwasita', 'Al lado de la luz electrica, izquierdo sentido terminal - metro', '1', NULL),
('210', 'Yassek', NULL, 'hombre', NULL, 'casa', 'Hoyada', NULL, NULL, NULL, NULL, 'Local 1-A', 'Minitiendas la Hoyada, Frente al Hermano Jose Sibri, izquierdo sentido terminal - metro', '1', NULL),
('211', 'Simon', NULL, 'hombre', NULL, 'casa', 'Hoyada', NULL, NULL, NULL, NULL, 'Local 40-B', 'Minitiendas la hoyada', '1', NULL),
('212', NULL, NULL, 'hombre', NULL, 'casa', 'Hoyada', NULL, NULL, NULL, NULL, 'Kamawat', 'Afuera del Paseo Mirandino', '1', NULL),
('213', NULL, NULL, 'hombre', NULL, 'casa', 'Hoyada', NULL, NULL, NULL, NULL, 'Distribuidora Amax', 'Afuera del Paseo Mirandino, Venta de Ropa', '1', NULL),
('214', NULL, NULL, NULL, NULL, 'casa', 'Hoyada', NULL, NULL, NULL, NULL, 'Local 34', 'Minitiendas la Hoyada, Primera Puerta', '1', NULL),
('215', NULL, NULL, 'hombre', NULL, 'casa', 'Bermudez', NULL, NULL, NULL, NULL, 'Merceria La Estrella', 'Al lado de la Bonanza, izquierdo sentido terminal - metro', '1', NULL),
('216', NULL, NULL, NULL, NULL, 'casa', 'Bermudez', NULL, NULL, NULL, NULL, 'Aldar Sport', 'Al lado de Merceria La Estrella, izquierdo sentido terminal - metro', '1', NULL),
('217', NULL, NULL, 'hombre', NULL, 'casa', 'Independencia', NULL, NULL, NULL, NULL, 'Mundo Sport', 'Esquina de Digitel, izquierdo sentido terminal - metro', '1', NULL),
('218', NULL, NULL, 'hombre', NULL, 'casa', 'Independencia', NULL, NULL, NULL, NULL, 'Leader Kids', 'Al lado de Farmalider', '1', NULL),
('219', NULL, NULL, 'hombre', NULL, 'casa', 'Independencia', NULL, NULL, NULL, NULL, 'Tienda Wrangler', 'Al lado de Leader Kids', '1', NULL),
('220', NULL, NULL, 'hombre', NULL, 'casa', 'Carabobo', NULL, NULL, NULL, NULL, 'Tienda Wrangler', 'Frente Antigua Parada Caracas Los Teques', '1', NULL),
('221', NULL, NULL, 'hombre', NULL, 'casa', 'Ribas', NULL, NULL, NULL, NULL, NULL, 'Zapateria', '1', NULL),
('222', NULL, NULL, 'hombre', NULL, 'casa', 'Ribas', NULL, NULL, NULL, NULL, NULL, 'Servicio técnico de TV', '1', NULL),
('224', NULL, NULL, 'hombre', NULL, 'casa', 'Ribas', NULL, NULL, 'PB', NULL, NULL, 'Sastreria, Al lado de óptica Optiven C.A. Galeria Bolivar', '1', NULL),
('225', NULL, NULL, NULL, NULL, 'casa', 'Ribas', NULL, NULL, NULL, NULL, 'Tienda Jorge Hermanos', 'Tienda ovejita', '1', NULL),
('226', NULL, NULL, 'hombre', NULL, 'casa', 'Ribas', NULL, NULL, NULL, NULL, 'Eve May', 'Zapateria', '1', NULL),
('227', NULL, NULL, NULL, NULL, 'casa', 'Francisco Ruso Ferrer', NULL, NULL, '2', NULL, 'Fundación estudios de danza Morisca', 'Escuela de danza árabe, Centro comercial Vasconia, al lado de Interzona, a dos locales de pizzeria', '1', NULL),
('228', NULL, NULL, NULL, NULL, 'casa', 'Francisco Ruso Ferrer', NULL, NULL, 'PB', NULL, 'Restaurant Chafet agwe', 'Comida libanes, Centro comercial Los Teques, frente al Banco BFC', '1', NULL),
('229', NULL, NULL, NULL, 'arabe', 'telefono ', NULL, NULL, NULL, NULL, NULL, NULL, NULL, '2', '2123832116 04142153361'),
('230', NULL, 'Ahamad ', NULL, 'arabe', 'telefono ', NULL, NULL, NULL, NULL, NULL, NULL, NULL, '2', '2123835283'),
('231', NULL, 'Abdala', NULL, 'arabe', 'telefono ', NULL, NULL, NULL, NULL, NULL, NULL, NULL, '2', '2123839160'),
('232', NULL, 'Afvati', NULL, 'arabe', 'telefono ', 'bella vista ', 'calle principal bella vista', 'urbanizacion Zai', 'apto 75', NULL, '2 casas de la bodega del gocho', NULL, '2', '2123839003'),
('233', NULL, 'Arabia', NULL, 'arabe', 'telefono ', NULL, NULL, NULL, NULL, NULL, NULL, NULL, '4', '2123836032'),
('234', NULL, 'Assad', NULL, 'arabe', 'telefono ', NULL, NULL, NULL, NULL, NULL, NULL, NULL, '5', '2123837713'),
('235', NULL, 'Assad', NULL, NULL, 'telefono ', NULL, NULL, NULL, NULL, NULL, NULL, NULL, '6', '2123839345'),
('236', NULL, 'Hanna', NULL, NULL, 'telefono ', NULL, NULL, NULL, NULL, NULL, NULL, NULL, '2', '2123832760'),
('237', NULL, 'Hanna', NULL, NULL, 'telefono ', NULL, NULL, NULL, NULL, NULL, NULL, NULL, '2', '2123830183'),
('238', NULL, 'Hanna', NULL, NULL, 'telefono ', NULL, NULL, NULL, NULL, NULL, NULL, NULL, '2', '2123830525'),
('239', NULL, 'Hanna', NULL, NULL, 'telefono ', NULL, NULL, NULL, NULL, NULL, NULL, NULL, '2', '2123838609'),
('240', NULL, 'Jordan', NULL, NULL, 'telefono ', NULL, NULL, NULL, NULL, NULL, NULL, NULL, '7', '2123833880'),
('241', NULL, 'Mohamad', NULL, NULL, 'telefono ', NULL, NULL, NULL, NULL, NULL, NULL, NULL, '2', '2123838474'),
('242', NULL, 'Nayar', NULL, NULL, 'telefono ', NULL, NULL, NULL, NULL, NULL, NULL, NULL, '2', '2123832241'),
('243', NULL, 'Soulayman', NULL, NULL, 'telefono ', NULL, NULL, NULL, NULL, NULL, NULL, NULL, '7', '2123830240'),
('244', NULL, 'Yammine', NULL, NULL, 'telefono ', NULL, NULL, NULL, NULL, NULL, NULL, NULL, '7', '2123838917'),
('245', NULL, 'Abdulah', NULL, NULL, 'telefono ', NULL, NULL, NULL, NULL, NULL, NULL, NULL, '3', '2123721198'),
('246', NULL, 'Waizani', NULL, NULL, 'telefono ', NULL, NULL, NULL, NULL, NULL, NULL, NULL, '8', '2123730483'),
('247', NULL, 'Abdul', NULL, NULL, 'telefono ', NULL, NULL, NULL, NULL, NULL, NULL, NULL, '9', '2123712467'),
('248', NULL, 'Ayoub', NULL, NULL, 'telefono ', NULL, NULL, NULL, NULL, NULL, NULL, NULL, '10', '2123732903'),
('249', NULL, 'Aza', NULL, NULL, 'telefono ', NULL, NULL, NULL, NULL, NULL, NULL, NULL, '11', '2123722237'),
('250', NULL, 'Del Turco', NULL, NULL, 'telefono ', NULL, NULL, NULL, NULL, NULL, NULL, NULL, '12', '2123737175'),
('251', NULL, 'Dib', NULL, NULL, 'telefono ', NULL, NULL, NULL, NULL, NULL, NULL, NULL, '12', '2123737663'),
('252', NULL, 'Dib', NULL, NULL, 'telefono ', NULL, NULL, NULL, NULL, NULL, NULL, NULL, '13', '2123726701'),
('253', NULL, 'Dibe', NULL, NULL, 'telefono ', NULL, NULL, NULL, NULL, NULL, NULL, NULL, '14', '2123724962'),
('254', NULL, 'Dibe', NULL, NULL, 'telefono ', NULL, NULL, NULL, NULL, NULL, NULL, NULL, '15', '2123734353'),
('255', NULL, 'Dibe', NULL, NULL, 'telefono ', NULL, NULL, NULL, NULL, NULL, NULL, NULL, '15', '2123713516'),
('256', NULL, 'El Ayoubi', NULL, NULL, 'telefono ', NULL, NULL, NULL, NULL, NULL, NULL, NULL, '16', '2123726530'),
('257', NULL, 'El Basset', NULL, NULL, 'telefono ', NULL, NULL, NULL, NULL, NULL, NULL, NULL, '17', '2123721821'),
('258', NULL, 'El Karet', NULL, NULL, 'telefono ', NULL, NULL, NULL, NULL, NULL, NULL, NULL, '18', '2123711656'),
('259', NULL, 'Farhat', NULL, NULL, 'telefono ', NULL, NULL, NULL, NULL, NULL, NULL, NULL, '13', '2123738033'),
('260', NULL, 'Jose', NULL, NULL, 'telefono ', NULL, NULL, NULL, NULL, NULL, NULL, NULL, '11', '2123710650'),
('261', NULL, 'Farhat', NULL, NULL, 'telefono ', NULL, NULL, NULL, NULL, NULL, NULL, NULL, '19', '2123723508'),
('262', NULL, 'Haar', NULL, NULL, 'telefono ', NULL, NULL, NULL, NULL, NULL, NULL, NULL, '12', '2123729120'),
('263', NULL, 'Haddad', NULL, NULL, 'telefono ', NULL, NULL, NULL, NULL, NULL, NULL, NULL, '20', '2123734112'),
('264', NULL, 'Haddad', NULL, NULL, 'telefono ', NULL, NULL, NULL, NULL, NULL, NULL, NULL, '20', '2123731089'),
('265', NULL, 'Haddad', NULL, NULL, 'telefono ', NULL, NULL, NULL, NULL, NULL, NULL, NULL, '10', '2123713160'),
('266', NULL, 'Haddad', NULL, NULL, 'telefono ', NULL, NULL, NULL, NULL, NULL, NULL, NULL, '20', '2123733004'),
('267', NULL, 'Haddad', NULL, NULL, 'telefono ', NULL, NULL, NULL, NULL, NULL, NULL, NULL, '20', '2123732962'),
('268', NULL, 'Haddad', NULL, NULL, 'telefono ', NULL, NULL, NULL, NULL, NULL, NULL, NULL, '20', '2123722616'),
('269', NULL, 'Hanania', NULL, NULL, 'telefono ', NULL, NULL, NULL, NULL, NULL, NULL, NULL, '9', '2123713840'),
('270', NULL, 'Homsi', NULL, NULL, 'telefono ', NULL, NULL, NULL, NULL, NULL, NULL, NULL, '21', '2123710790'),
('271', NULL, 'Homsi', NULL, NULL, 'telefono ', NULL, NULL, NULL, NULL, NULL, NULL, NULL, '21', '2123730603'),
('272', NULL, 'Jacir', NULL, NULL, 'telefono ', NULL, NULL, NULL, NULL, NULL, NULL, NULL, '12', '2123728791'),
('273', NULL, 'Kajayan', NULL, NULL, 'telefono ', NULL, NULL, NULL, NULL, NULL, NULL, NULL, '22', '2123710921'),
('274', NULL, 'Kajayan', NULL, NULL, 'telefono ', NULL, NULL, NULL, NULL, NULL, NULL, NULL, '11', '2123721736'),
('275', NULL, 'Karam', NULL, NULL, 'telefono ', NULL, NULL, NULL, NULL, NULL, NULL, NULL, '22', '2123710833'),
('276', NULL, 'Karam', NULL, NULL, 'telefono ', NULL, NULL, NULL, NULL, NULL, NULL, NULL, '15', '2123722027'),
('277', NULL, 'Kakadjian', NULL, NULL, 'telefono ', NULL, NULL, NULL, NULL, NULL, NULL, NULL, '21', '2123733672'),
('278', NULL, 'Lahoud', NULL, NULL, 'telefono ', NULL, NULL, NULL, NULL, NULL, NULL, NULL, '12', '2123736905'),
('279', NULL, 'Lalwani', NULL, NULL, 'telefono ', NULL, NULL, NULL, NULL, NULL, NULL, NULL, '12', '2123737296'),
('280', NULL, 'Lattuf', NULL, NULL, 'telefono ', NULL, NULL, NULL, NULL, NULL, NULL, NULL, '21', '2123710081'),
('281', NULL, 'Lattuf', NULL, NULL, 'telefono ', NULL, NULL, NULL, NULL, NULL, NULL, NULL, '23', '2123736474'),
('282', NULL, 'Represent Makki Mk Ca', NULL, NULL, 'telefono ', NULL, NULL, NULL, NULL, NULL, NULL, NULL, '11', '2123735128'),
('283', NULL, 'Makki ', NULL, NULL, 'telefono ', NULL, NULL, NULL, NULL, NULL, NULL, NULL, '17', '2123720576'),
('284', NULL, 'Makki', NULL, NULL, 'telefono ', NULL, NULL, NULL, NULL, NULL, NULL, NULL, '12', '2123727874'),
('285', NULL, 'Makki', NULL, NULL, 'telefono ', NULL, NULL, NULL, NULL, NULL, NULL, NULL, '21', '2123714631'),
('286', NULL, 'Makki', NULL, NULL, 'telefono ', NULL, NULL, NULL, NULL, NULL, NULL, NULL, '20', '2123711413'),
('287', NULL, 'Melul', NULL, NULL, 'telefono ', NULL, NULL, NULL, NULL, NULL, NULL, NULL, '11', '2123730014'),
('288', NULL, 'Mehr', NULL, NULL, 'telefono ', NULL, NULL, NULL, NULL, NULL, NULL, NULL, '11', '2123720248'),
('289', NULL, 'Mokund', NULL, NULL, 'telefono ', NULL, NULL, NULL, NULL, NULL, NULL, NULL, '21', '2123712871'),
('300', NULL, 'Mourad', NULL, NULL, 'telefono ', NULL, NULL, NULL, NULL, NULL, NULL, NULL, '21', '2123730589'),
('301', NULL, 'Myladiyil', NULL, NULL, 'telefono ', NULL, NULL, NULL, NULL, NULL, NULL, NULL, '24', '2123737378'),
('302', NULL, 'Nasr', NULL, NULL, 'telefono ', NULL, NULL, NULL, NULL, NULL, NULL, NULL, '13', '2123729075'),
('303', NULL, 'Njaim', NULL, NULL, 'telefono ', NULL, NULL, NULL, NULL, NULL, NULL, NULL, '13', '2123726369'),
('304', NULL, 'Rabbat', NULL, NULL, 'telefono ', NULL, NULL, NULL, NULL, NULL, NULL, NULL, '16', '2123729617'),
('305', NULL, 'Rabbath', NULL, NULL, 'telefono ', NULL, NULL, NULL, NULL, NULL, NULL, NULL, '11', '2123713453'),
('306', NULL, 'Sabin', NULL, NULL, 'telefono ', NULL, NULL, NULL, NULL, NULL, NULL, NULL, '22', '2123710696'),
('307', NULL, 'Sukkar', NULL, NULL, 'telefono ', NULL, NULL, NULL, NULL, NULL, NULL, NULL, '25', '2123724725'),
('308', NULL, 'Sukkar', NULL, NULL, 'telefono ', NULL, NULL, NULL, NULL, NULL, NULL, NULL, '25', '2123714208'),
('309', NULL, 'Sultan', NULL, NULL, 'telefono ', NULL, NULL, NULL, NULL, NULL, NULL, NULL, '21', '2123711427'),
('310', NULL, 'Taouil', NULL, NULL, 'telefono ', NULL, NULL, NULL, NULL, NULL, NULL, NULL, '21', '2123724755'),
('311', NULL, 'Waizani', NULL, NULL, 'telefono ', NULL, NULL, NULL, NULL, NULL, NULL, NULL, '8', '2123730483'),
('312', NULL, 'Yammine', NULL, NULL, 'telefono ', NULL, NULL, NULL, NULL, NULL, NULL, NULL, '26', '2123727970'),
('313', NULL, 'Yurme', NULL, NULL, 'telefono ', NULL, NULL, NULL, NULL, NULL, NULL, NULL, '9', '2123731313'),
('314', NULL, 'Zakhoqur', NULL, NULL, 'telefono ', NULL, NULL, NULL, NULL, NULL, NULL, NULL, '13', '2123736912'),
('315', NULL, 'Zakia', NULL, NULL, 'telefono ', NULL, NULL, NULL, NULL, NULL, NULL, NULL, '12', '2123727909'),
('316', NULL, 'Zarifi', NULL, NULL, 'telefono ', NULL, NULL, NULL, NULL, NULL, NULL, NULL, '12', '2123736980'),
('317', NULL, 'Abi Harb', NULL, NULL, 'telefono ', NULL, NULL, NULL, NULL, NULL, NULL, NULL, '1', '2123228110'),
('318', NULL, 'Abdel,', NULL, NULL, 'telefono ', NULL, NULL, NULL, NULL, NULL, NULL, NULL, '1', '2123236422'),
('319', NULL, 'Al Mehtar', NULL, NULL, 'telefono ', NULL, NULL, NULL, NULL, NULL, NULL, NULL, '27', '2123238712'),
('320', NULL, 'Algieri', NULL, NULL, 'telefono ', NULL, NULL, NULL, NULL, NULL, NULL, NULL, '1', '2123216251'),
('321', NULL, 'Assad', NULL, NULL, 'telefono ', NULL, NULL, NULL, NULL, NULL, NULL, NULL, '28', '2123216797'),
('322', NULL, 'Ayoub', NULL, NULL, 'telefono ', NULL, NULL, NULL, NULL, NULL, NULL, NULL, '29', '2123645695'),
('323', NULL, 'Aziz', NULL, NULL, 'telefono ', NULL, NULL, NULL, NULL, NULL, NULL, NULL, '30', '2123236938'),
('324', NULL, 'Barakat,', NULL, NULL, 'telefono ', NULL, NULL, NULL, NULL, NULL, NULL, NULL, '1', '2123211218'),
('325', NULL, 'Dib', NULL, NULL, 'telefono ', NULL, NULL, NULL, NULL, NULL, NULL, NULL, '31', '2123641468'),
('326', NULL, 'El Khaouli', NULL, NULL, 'telefono ', NULL, NULL, NULL, NULL, NULL, NULL, NULL, '32', '2123226305'),
('327', NULL, 'El Khaouli', NULL, NULL, 'telefono ', NULL, NULL, NULL, NULL, NULL, NULL, NULL, '1', '2123644550'),
('328', NULL, 'El Zakhem', NULL, NULL, 'telefono ', NULL, NULL, NULL, NULL, NULL, NULL, NULL, '1', '2123645765'),
('329', NULL, 'Homsani', NULL, NULL, 'telefono ', NULL, NULL, NULL, NULL, NULL, NULL, NULL, '28', '2123213047'),
('330', NULL, 'Homsani', NULL, NULL, 'telefono ', NULL, NULL, NULL, NULL, NULL, NULL, NULL, '28', '2123210995'),
('331', NULL, 'Hajari', NULL, NULL, 'telefono ', NULL, NULL, NULL, NULL, NULL, NULL, NULL, '33', '2123236179'),
('332', NULL, 'Hajari', NULL, NULL, 'telefono ', NULL, NULL, NULL, NULL, NULL, NULL, NULL, '33', '2123646656'),
('333', NULL, 'Hanna', NULL, NULL, 'telefono ', NULL, NULL, NULL, NULL, NULL, NULL, NULL, '28', '2123237875'),
('334', NULL, 'Hanna', NULL, NULL, 'telefono ', NULL, NULL, NULL, NULL, NULL, NULL, NULL, '28', '2123215037'),
('335', NULL, 'Zapatería Hanna Srl', NULL, NULL, 'telefono ', NULL, NULL, NULL, NULL, NULL, NULL, NULL, '34', '2123217060'),
('336', NULL, 'Hanna', NULL, NULL, 'telefono ', NULL, NULL, NULL, NULL, NULL, NULL, NULL, '35', '2123210102'),
('337', NULL, 'Homsany', NULL, NULL, 'telefono ', NULL, NULL, NULL, NULL, NULL, NULL, NULL, '1', '2123229361'),
('338', NULL, 'Makhoul', NULL, NULL, 'telefono ', NULL, NULL, NULL, NULL, NULL, NULL, NULL, '1', '2123645873'),
('339', NULL, 'Jordan', NULL, NULL, 'telefono ', NULL, NULL, NULL, NULL, NULL, NULL, NULL, '36', '2123225868'),
('340', NULL, 'Jaraba', NULL, NULL, 'telefono ', NULL, NULL, NULL, NULL, NULL, NULL, NULL, '30', '2123225960'),
('341', NULL, 'Kalaf', NULL, NULL, 'telefono ', NULL, NULL, NULL, NULL, NULL, NULL, NULL, '37', '2123231147'),
('342', NULL, 'Kaltajian', NULL, NULL, 'telefono ', NULL, NULL, NULL, NULL, NULL, NULL, NULL, '28', '2123210614'),
('343', NULL, 'Mamat', NULL, NULL, 'telefono ', NULL, NULL, NULL, NULL, NULL, NULL, NULL, '38', '2123214811'),
('344', NULL, 'Mohammed', NULL, NULL, 'telefono ', NULL, NULL, NULL, NULL, NULL, NULL, NULL, '1', '2123228956'),
('345', NULL, 'Misri', NULL, NULL, 'telefono ', NULL, NULL, NULL, NULL, NULL, NULL, NULL, '32', '2123641583'),
('346', NULL, 'Moujalli', NULL, NULL, 'telefono ', NULL, NULL, NULL, NULL, NULL, NULL, NULL, '28', '2123235413'),
('347', NULL, 'Moussa', NULL, NULL, 'telefono ', NULL, NULL, NULL, NULL, NULL, NULL, NULL, '1', '2123211536'),
('348', NULL, 'Moussa', NULL, NULL, 'telefono ', NULL, NULL, NULL, NULL, NULL, NULL, NULL, '1', '2123647224'),
('349', NULL, 'Moubayed', NULL, NULL, 'telefono ', NULL, NULL, NULL, NULL, NULL, NULL, NULL, '28', '2123214562'),
('350', NULL, 'Mustafa', NULL, NULL, 'telefono ', NULL, NULL, NULL, NULL, NULL, NULL, NULL, '1', '2123642007'),
('351', NULL, 'Naumann', NULL, NULL, 'telefono ', NULL, NULL, NULL, NULL, NULL, NULL, NULL, '38', '2123227451'),
('352', NULL, 'Naumann', NULL, NULL, 'telefono ', NULL, NULL, NULL, NULL, NULL, NULL, NULL, '38', '2123227616'),
('353', NULL, 'Naumann', NULL, NULL, 'telefono ', NULL, NULL, NULL, NULL, NULL, NULL, NULL, '38', '2123641859'),
('354', NULL, 'Nahit', NULL, NULL, 'telefono ', NULL, NULL, NULL, NULL, NULL, NULL, NULL, '28', '2123212098'),
('355', NULL, 'Najn', NULL, NULL, 'telefono ', NULL, NULL, NULL, NULL, NULL, NULL, NULL, '28', '2123212730'),
('356', NULL, 'Rabbath', NULL, NULL, 'telefono ', NULL, NULL, NULL, NULL, NULL, NULL, NULL, '28', '2123211339'),
('357', NULL, 'Rabbath', NULL, NULL, 'telefono ', NULL, NULL, NULL, NULL, NULL, NULL, NULL, '28', '2123228766'),
('358', NULL, 'Rabbath', NULL, NULL, 'telefono ', NULL, NULL, NULL, NULL, NULL, NULL, NULL, '39', '2123647552'),
('359', NULL, 'Rabbath', NULL, NULL, 'telefono ', NULL, NULL, NULL, NULL, NULL, NULL, NULL, '28', '2123238331'),
('360', NULL, 'Rabbath', NULL, NULL, 'telefono ', NULL, NULL, NULL, NULL, NULL, NULL, NULL, '1', '2123225544'),
('361', NULL, 'Rabbath', NULL, NULL, 'telefono ', NULL, NULL, NULL, NULL, NULL, NULL, NULL, '1', '2123213359'),
('362', NULL, 'Rabbat', NULL, NULL, 'telefono ', NULL, NULL, NULL, NULL, NULL, NULL, NULL, '28', '2123640140'),
('363', NULL, 'Saade', NULL, NULL, 'telefono ', NULL, NULL, NULL, NULL, NULL, NULL, NULL, '40', '2123641715'),
('364', NULL, 'Salameth', NULL, NULL, 'telefono ', NULL, NULL, NULL, NULL, NULL, NULL, NULL, '41', '2123233505'),
('365', NULL, 'Saab', NULL, NULL, 'telefono ', NULL, NULL, NULL, NULL, NULL, NULL, NULL, '42', '2123229694'),
('366', NULL, 'Saleh', NULL, NULL, 'telefono ', NULL, NULL, NULL, NULL, NULL, NULL, NULL, '43', '2123212219'),
('367', NULL, 'El Khaoul', NULL, NULL, 'telefono ', NULL, NULL, NULL, NULL, NULL, NULL, NULL, '32', '2123226305'),
('368', NULL, 'Sayed', NULL, NULL, 'telefono ', NULL, NULL, NULL, NULL, NULL, NULL, NULL, '1', '2123232270'),
('369', NULL, 'Yacoub', NULL, NULL, 'telefono ', NULL, NULL, NULL, NULL, NULL, NULL, NULL, '1', '2123646502'),
('370', NULL, 'Kaltajian', NULL, NULL, 'telefono ', NULL, NULL, NULL, NULL, NULL, NULL, NULL, '28', '2123210614'),
('371', NULL, 'Sarkis', NULL, NULL, 'telefono ', NULL, NULL, NULL, NULL, NULL, NULL, NULL, '28', '2123211028'),
('372', NULL, 'Najn', NULL, NULL, 'telefono ', NULL, NULL, NULL, NULL, NULL, NULL, NULL, '28', '2123212730'),
('373', NULL, 'Hovsepian', NULL, NULL, 'telefono ', NULL, NULL, NULL, NULL, NULL, NULL, NULL, '1', '2123238557'),
('374', NULL, 'Silah', NULL, NULL, 'telefono ', NULL, NULL, NULL, NULL, NULL, NULL, NULL, '28', '2123210034'),
('375', NULL, 'Tafur', NULL, NULL, 'telefono ', NULL, NULL, NULL, NULL, NULL, NULL, NULL, '44', '2123227492'),
('376', NULL, 'Taha', NULL, NULL, 'telefono ', NULL, NULL, NULL, NULL, NULL, NULL, NULL, '45', '2123221830'),
('377', NULL, 'Tahhan', NULL, NULL, 'telefono ', NULL, NULL, NULL, NULL, NULL, NULL, NULL, '1', '2123214390'),
('378', NULL, 'Tunzi', NULL, NULL, 'telefono ', NULL, NULL, NULL, NULL, NULL, NULL, NULL, '46', '2123230151'),
('379', NULL, 'Yaghi', NULL, NULL, 'telefono ', NULL, NULL, NULL, NULL, NULL, NULL, NULL, '28', '2123224210'),
('380', NULL, 'Moujalli', NULL, NULL, 'telefono ', NULL, NULL, NULL, NULL, NULL, NULL, NULL, '28', '2123235413'),
('381', NULL, 'Youssef', NULL, NULL, 'telefono ', NULL, NULL, NULL, NULL, NULL, NULL, NULL, '28', '2123215330'),
('382', NULL, 'Sallorin', NULL, NULL, 'telefono ', NULL, NULL, NULL, NULL, NULL, NULL, NULL, '28', '2123214520'),
('383', NULL, 'Youssef', NULL, NULL, 'telefono ', NULL, NULL, NULL, NULL, NULL, NULL, NULL, '28', '2123213937'),
('384', NULL, 'Chamakian', NULL, NULL, 'telefono ', NULL, NULL, NULL, NULL, NULL, NULL, NULL, '47', '2123218853'),
('385', NULL, 'Yacoub', NULL, NULL, 'telefono ', NULL, NULL, NULL, NULL, NULL, NULL, NULL, '1', '2123646502'),
('386', NULL, 'Youseef', NULL, NULL, 'telefono ', NULL, NULL, NULL, NULL, NULL, NULL, NULL, '48', '2123642812'),
('387', NULL, 'Yusuf', NULL, NULL, 'telefono ', NULL, NULL, NULL, NULL, NULL, NULL, NULL, '1', '2123648573'),
('388', NULL, 'Zarifeh', NULL, NULL, 'telefono ', NULL, NULL, NULL, NULL, NULL, NULL, NULL, '1', '2123224264'),
('389', NULL, 'Zarifeh', NULL, NULL, 'telefono ', NULL, NULL, NULL, NULL, NULL, NULL, NULL, '1', '2123229986'),
('390', NULL, 'Zayadith', NULL, NULL, 'telefono ', NULL, NULL, NULL, NULL, NULL, NULL, NULL, '1', '2123217722'),
('391', NULL, 'Zarifi', NULL, NULL, 'telefono ', NULL, NULL, NULL, NULL, NULL, NULL, NULL, '1', '2123649108'),
('392', NULL, 'Zarifi', NULL, NULL, 'telefono ', NULL, NULL, NULL, NULL, NULL, NULL, NULL, '49', '2123210753'),
('393', 'romel', NULL, 'hombre', NULL, 'casa', 'calle Miquilen', 'entre Boulevard Bermudez y tienda de tela rivalcid', NULL, NULL, NULL, 'Comercial Zarifa Hermano 2040 c.a', NULL, '1', NULL),
('394', NULL, NULL, 'hombre', NULL, 'casa', 'calle Miquilen', ' cruze con carabobo', NULL, NULL, NULL, 'El Lides de la Lenceria', 'frente C.C Luz Electrica.', '1', NULL),
('395', NULL, NULL, 'hombre', NULL, 'casa', 'Av principal La hoyada', NULL, NULL, NULL, NULL, 'zapateria ', 'al lado de Panaderia Rosa de Guaicaipuro', '1', NULL),
('396', NULL, NULL, 'hombre', NULL, 'casa', 'Av principal La hoyada', NULL, NULL, NULL, NULL, 'Lenceria ', 'Al Lado Todo Ofertas', '1', NULL);

-- 
-- Dumping data for table migracion_publicadores
--
INSERT INTO migracion_publicadores VALUES
('1', 'José', 'Toro', 'toronacii@gmail.com', '7/22/2006', '3/9/2014 08:06:46', '3/9/2014 08:06:46', 'Los alpes', NULL, NULL, NULL, NULL, NULL, NULL, NULL, NULL),
('2', 'Amalia', 'de Fernandez', NULL, '0/0/0000', '3/10/2014 22:23:11', '3/10/2014 22:23:11', 'Los alpes', NULL, NULL, NULL, NULL, NULL, NULL, NULL, NULL),
('3', 'Raimiler ', 'Avilán', NULL, '0/0/0000', '3/10/2014 22:23:11', '3/10/2014 22:23:11', 'El Trigo', NULL, NULL, NULL, NULL, NULL, NULL, NULL, NULL),
('31', 'Anthony', 'Fuentes', NULL, '01/01/2011 00:00:00', '3/10/2014 22:34:33', '3/10/2014 22:34:33', 'Pan de Azúcar', NULL, NULL, NULL, NULL, NULL, NULL, NULL, NULL),
('32', 'Aura', 'Ochoa', NULL, '0/0/0000', '3/10/2014 22:34:33', '3/10/2014 22:34:33', 'Encanto', NULL, NULL, NULL, NULL, NULL, NULL, NULL, NULL),
('33', 'Beatriz', 'de Pérez', NULL, '02/23/1970 00:00:00', '3/10/2014 22:34:33', '3/10/2014 22:34:33', 'Encanto', NULL, NULL, NULL, NULL, NULL, NULL, NULL, NULL),
('34', 'Liliana', 'Herrera', NULL, '08/20/2006 00:00:00', '3/10/2014 22:34:33', '3/10/2014 22:34:33', 'Pan de Azúcar', NULL, NULL, NULL, NULL, NULL, NULL, NULL, NULL),
('35', 'Mery', 'de Vicent', NULL, '05/15/1982 00:00:00', '3/10/2014 22:34:33', '3/10/2014 22:34:33', 'Encanto', NULL, NULL, NULL, NULL, NULL, NULL, NULL, NULL),
('36', 'Nazaret', 'Rangel de Toro', 'samaht15@gmail.com', '0/0/0000', '3/10/2014 22:34:33', '3/10/2014 22:34:33', 'Los alpes', NULL, NULL, NULL, NULL, NULL, NULL, NULL, NULL),
('37', 'Noemi', 'de Acosta', NULL, '07/27/1998 00:00:00', '3/10/2014 22:34:33', '3/10/2014 22:34:33', 'Este - Los Teques', NULL, NULL, NULL, NULL, NULL, NULL, NULL, NULL),
('38', 'Oneida', 'Suarez', NULL, '0/0/0000', '3/10/2014 22:34:33', '3/10/2014 22:34:33', 'Los alpes', NULL, NULL, NULL, NULL, NULL, NULL, NULL, NULL),
('39', 'Ruth', 'de Castillo', 'bellacatira2002_2@hotmail.com', '0/0/0000', '3/10/2014 22:34:33', '3/10/2014 22:34:33', 'Los alpes', NULL, NULL, NULL, NULL, NULL, NULL, NULL, NULL),
('40', 'Abisaac  ', 'Seijas', NULL, '0/0/0000', NULL, NULL, 'Los alpes', NULL, NULL, NULL, NULL, NULL, NULL, NULL, NULL),
('41', 'Adrian ', 'Castillo', 'castilloadrian_1@hotmail.com', '08/02/2003 00:00:00', NULL, NULL, 'Los alpes', NULL, NULL, NULL, NULL, NULL, NULL, NULL, NULL),
('42', 'Alberto ', 'del castillo', NULL, '0/0/0000', NULL, NULL, 'Los alpes', NULL, NULL, NULL, NULL, NULL, NULL, NULL, NULL),
('43', 'Sarahi ', 'Quintero', NULL, '0/0/0000', NULL, NULL, 'Los alpes', NULL, NULL, NULL, NULL, NULL, NULL, NULL, NULL),
('44', 'Angi ', 'Requena', 'anyelin5555@hotmail.com', '0/0/0000', NULL, NULL, 'El Trigo', NULL, NULL, NULL, NULL, NULL, NULL, NULL, NULL),
('45', 'Jesus', 'Quintero', NULL, '0/0/0000', NULL, NULL, 'Los alpes', NULL, NULL, NULL, NULL, NULL, NULL, NULL, NULL),
('46', 'Yenny ', 'Devia', NULL, '0/0/0000', NULL, NULL, 'San Pedro', NULL, NULL, NULL, NULL, NULL, NULL, NULL, NULL),
('47', 'Betzabeth ', 'Pérez', NULL, '08/15/2009 00:00:00', NULL, NULL, 'Este - Los Teques', NULL, NULL, NULL, NULL, NULL, NULL, NULL, NULL),
('48', 'María ', 'Ochoa', NULL, '08/26/2007 00:00:00', NULL, NULL, 'Pan de Azucar', NULL, NULL, NULL, NULL, NULL, NULL, NULL, NULL),
('49', 'Marleni ', 'Martínez', NULL, '0/0/0000', NULL, NULL, 'Lagunetica', NULL, NULL, NULL, NULL, NULL, NULL, NULL, NULL),
('50', 'Maryelin ', 'Catire', NULL, '08/02/1996 00:00:00', NULL, NULL, 'Este - Los Teques', NULL, NULL, NULL, NULL, NULL, NULL, NULL, NULL),
('51', 'Olga ', 'Rivas', NULL, '0/0/0000', NULL, NULL, 'Los alpes', NULL, NULL, NULL, NULL, NULL, NULL, NULL, NULL),
('52', 'Antonio ', 'Quintero', NULL, '0/0/0000', NULL, NULL, 'Los alpes', NULL, NULL, NULL, NULL, NULL, NULL, NULL, NULL),
('53', 'Virginia', 'de Quintero', NULL, '0/0/0000', NULL, NULL, 'Los alpes', NULL, NULL, NULL, NULL, NULL, NULL, NULL, NULL);

-- 
-- Dumping data for table migracion_visitas
--
INSERT INTO migracion_visitas VALUES
(112, NULL, '114', 'Sra Delia', NULL, '34', 'Liliana', 'Herrera', '1/1/1970', NULL, 'casa', NULL, NULL, NULL),
(113, NULL, '115', NULL, NULL, NULL, NULL, NULL, '1/1/1970', NULL, 'casa', NULL, NULL, NULL),
(114, NULL, '116', NULL, NULL, '32', 'Aura', 'Ochoa', '1/1/1970', NULL, 'casa', NULL, NULL, NULL),
(115, NULL, '117', NULL, NULL, '32', 'Aura', 'Ochoa', '1/1/1970', NULL, 'casa', NULL, NULL, NULL),
(116, NULL, '118', NULL, NULL, NULL, NULL, NULL, '1/1/1970', NULL, 'casa', NULL, NULL, NULL),
(117, NULL, '119', 'Sr Jocero', NULL, '33', 'Beatriz', NULL, '1/1/1970', NULL, 'casa', NULL, NULL, NULL),
(118, NULL, '120', 'Sr Jose', NULL, '33', 'Beatriz', NULL, '1/1/1970', NULL, 'casa', NULL, NULL, NULL),
(119, NULL, '121', NULL, NULL, '34', 'Liliana', 'Herrera', '1/1/1970', NULL, 'casa', NULL, NULL, 'Tratado'),
(120, NULL, '122', 'Sr Mohamed', NULL, '33', 'Beatriz', NULL, '1/1/1970', NULL, 'casa', NULL, NULL, NULL),
(121, NULL, '123', NULL, NULL, NULL, NULL, NULL, '1/1/1970', NULL, 'casa', NULL, NULL, NULL),
(122, NULL, '124', 'Saul', NULL, '32', 'Aura', 'Ochoa', '1/1/1970', NULL, 'casa', NULL, NULL, NULL),
(123, NULL, '125', 'Dixion', NULL, '3', 'Angel', 'Barreto', '1/1/1970', 'No quiere nada', 'casa', NULL, NULL, NULL),
(124, NULL, '126', 'Naji', NULL, '35', 'Mery', 'de Vicent', '1/1/1970', NULL, 'casa', NULL, NULL, 'Tratado Disfrute'),
(125, NULL, '127', 'Antonio Hanna', NULL, '34', 'Liliana', 'Herrera', '5/25/2012', NULL, 'casa', NULL, NULL, 'Tratado Disfrute'),
(126, NULL, '128', 'Mustafa', NULL, '34', 'Liliana', 'Herrera', '5/25/2012', NULL, 'casa', NULL, NULL, 'Biblia'),
(127, NULL, '129', 'Yazan', NULL, '34', 'Liliana', 'Herrera', '1/1/1970', NULL, 'casa', NULL, NULL, 'Tratado Consuelo'),
(128, NULL, '130', 'Jehad Jazan', NULL, '32', 'Aura', 'Ochoa', '8/15/2013', NULL, 'casa', NULL, NULL, 'Revistas'),
(129, NULL, '131', NULL, NULL, NULL, NULL, NULL, '1/1/1970', 'No quiere nada', 'casa', NULL, NULL, NULL),
(130, NULL, '132', NULL, NULL, NULL, NULL, NULL, '1/1/1970', 'No quiere nada, es musulman', 'casa', NULL, NULL, NULL),
(131, NULL, '133', 'Josue', NULL, '34', 'Liliana', 'Herrera', '1/1/1970', NULL, 'casa', NULL, NULL, NULL),
(132, NULL, '134', 'Magdalena', NULL, '32', 'Aura', 'Ochoa', '1/1/1970', NULL, 'casa', NULL, NULL, NULL),
(133, NULL, '135', 'Fanny', NULL, NULL, NULL, NULL, '1/1/1970', 'No le gusta que le prediquen', 'casa', NULL, NULL, NULL),
(134, NULL, '136', 'Jorge', NULL, '34', 'Liliana', 'Herrera', '1/1/1970', NULL, 'casa', NULL, NULL, NULL),
(135, NULL, '137', 'Tosty', NULL, '34', 'Liliana', 'Herrera', '1/1/1970', NULL, 'casa', NULL, NULL, NULL),
(136, NULL, '138', 'Milar', NULL, '34', 'Liliana', 'Herrera', '8/15/2013', 'Poco receptivo', 'casa', NULL, NULL, NULL),
(137, NULL, '139', NULL, NULL, NULL, NULL, NULL, '1/1/1970', 'No tiene tiempo', 'casa', NULL, NULL, NULL),
(138, NULL, '140', NULL, NULL, NULL, NULL, NULL, '1/1/1970', 'No quiere nada', 'casa', NULL, NULL, NULL),
(139, NULL, '141', NULL, NULL, NULL, NULL, NULL, '1/1/1970', NULL, 'casa', NULL, NULL, NULL),
(140, NULL, '142', NULL, NULL, NULL, NULL, NULL, '1/1/1970', 'No quiere nada, es catolico', 'casa', NULL, NULL, NULL),
(141, NULL, '143', 'Jihar', NULL, NULL, NULL, NULL, '1/1/1970', 'Desea que lo visiten', 'casa', NULL, NULL, NULL),
(142, NULL, '144', NULL, NULL, NULL, NULL, NULL, '1/1/1970', 'Musulman, no quiere', 'casa', NULL, NULL, NULL),
(143, NULL, '145', 'Mevehel', NULL, NULL, NULL, NULL, '1/1/1970', 'Se le ha visitado', 'casa', NULL, NULL, NULL),
(144, NULL, '146', 'Luis', NULL, NULL, NULL, NULL, '1/1/1970', NULL, 'casa', NULL, NULL, 'Folleto los Testigos de Jehová, en árabe'),
(145, NULL, '147', NULL, NULL, NULL, NULL, NULL, '1/1/1970', NULL, 'casa', NULL, NULL, NULL),
(146, NULL, '148', 'Joseph', NULL, '39', 'Ruth', 'de Castillo', '1/1/1970', NULL, 'casa', NULL, NULL, NULL),
(147, NULL, '149', 'Asa', NULL, '2', 'Amalia', 'de Fernandez', '1/1/1970', 'tiene biblia en árabe, quiere libro enseña en árabe', 'casa', NULL, NULL, 'Tratado Ser Querido'),
(148, NULL, '150', 'Michell', NULL, '39', 'Ruth', 'de Castillo', '1/1/1970', 'tiene biblia en árabe', 'casa', NULL, NULL, NULL),
(149, NULL, '151', 'Kamar', NULL, '32', 'Aura', 'Ochoa', '1/1/1970', 'Quiere Literatura', 'casa', NULL, NULL, 'tratado la Verdad'),
(150, NULL, '152', 'Jorge', NULL, NULL, NULL, NULL, '1/1/1970', 'quiere que le hablen en árabe', 'casa', NULL, NULL, 'Tratado el sufrimiento'),
(151, NULL, '153', NULL, NULL, NULL, NULL, NULL, '1/1/1970', NULL, 'casa', NULL, NULL, NULL),
(152, NULL, '154', 'Alejandro', NULL, NULL, NULL, NULL, '1/1/1970', NULL, 'casa', NULL, NULL, NULL),
(153, NULL, '155', NULL, NULL, NULL, NULL, NULL, '1/1/1970', 'no quiere ninguna publicación', 'casa', NULL, NULL, NULL),
(154, NULL, '156', 'Jason', NULL, NULL, NULL, NULL, '1/1/1970', 'Volver en Febrero', 'casa', NULL, NULL, NULL),
(155, NULL, '157', NULL, NULL, NULL, NULL, NULL, '1/1/1970', 'Se puede volver', 'casa', NULL, NULL, 'Tratado La verdad'),
(156, NULL, '158', 'Dr Nayen Dager', NULL, NULL, NULL, NULL, '1/1/1970', NULL, 'casa', NULL, NULL, NULL),
(157, NULL, '159', 'Yasmin', NULL, '32', 'Aura', 'Ochoa', '1/1/1970', 'Venezolana, lee árabe', 'casa', NULL, NULL, 'Tratado Se interesa Dios por nosotros'),
(158, NULL, '160', NULL, NULL, NULL, NULL, NULL, '1/1/1970', NULL, 'casa', NULL, NULL, NULL),
(159, NULL, '161', 'Miguel', NULL, NULL, NULL, NULL, '1/1/1970', 'visitar', 'casa', NULL, NULL, NULL),
(160, NULL, '162', 'Maria', NULL, NULL, NULL, NULL, '1/1/1970', 'No lee arabe', 'casa', NULL, NULL, 'Folleto Amigo de Dios'),
(161, NULL, '163', 'Emma', NULL, NULL, NULL, NULL, '1/1/1970', 'tiene libro enseña, Profesora de arabe, muy ocupada', 'casa', NULL, NULL, NULL),
(162, NULL, '164', 'Elias', NULL, NULL, NULL, NULL, '1/1/1970', NULL, 'casa', NULL, NULL, NULL),
(163, NULL, '165', 'Jose Ramon', NULL, NULL, NULL, NULL, '1/1/1970', 'Visitar', 'casa', NULL, NULL, NULL),
(164, NULL, '166', NULL, NULL, '1', 'José', 'Toro', '6/3/2013', NULL, 'casa', NULL, NULL, 'Folleto la Verdad'),
(165, NULL, '167', NULL, NULL, '37', 'Noemi', 'de Acosta', '6/3/2013', 'Libanes, no le interesa', 'casa', NULL, NULL, NULL),
(166, NULL, '168', NULL, NULL, '31', 'Anthony', 'Fuentes', '6/3/2013', 'No quiso Recibir', 'casa', NULL, NULL, NULL),
(167, NULL, '169', NULL, NULL, '1', 'José', 'Toro', '6/3/2013', NULL, 'casa', NULL, NULL, 'Folleto la Verdad'),
(168, NULL, '170', 'Sabah', NULL, '37', 'Noemi', 'de Acosta', '6/3/2013', 'Interesada', 'casa', NULL, 'La sangre', NULL),
(169, NULL, '171', 'Jose Sleiman', NULL, '34', 'Liliana', 'Herrera', '1/1/1970', 'No es el dueño, es un empleado', 'casa', NULL, NULL, NULL),
(170, NULL, '172', 'Michell', NULL, '32', 'Aura', 'Ochoa', '1/1/1970', NULL, 'casa', NULL, NULL, NULL),
(171, NULL, '173', NULL, NULL, '32', 'Aura', 'Ochoa', '1/1/1970', NULL, 'casa', NULL, NULL, NULL),
(172, NULL, '174', NULL, NULL, '32', 'Aura', 'Ochoa', '1/1/1970', NULL, 'casa', NULL, NULL, NULL),
(173, NULL, '175', NULL, NULL, '32', 'Aura', 'Ochoa', '1/1/1970', NULL, 'casa', NULL, NULL, NULL),
(174, NULL, '176', 'Rober', NULL, NULL, NULL, NULL, '1/1/1970', NULL, 'casa', NULL, NULL, NULL),
(175, NULL, '177', NULL, NULL, NULL, NULL, NULL, '1/1/1970', 'No quiere nada', 'casa', NULL, NULL, NULL),
(176, NULL, '178', NULL, NULL, NULL, NULL, NULL, '1/1/1970', NULL, 'casa', NULL, NULL, NULL),
(177, NULL, '179', 'Adele', NULL, NULL, NULL, NULL, '1/1/1970', 'No desea nada de otras religiones', 'casa', NULL, NULL, NULL),
(178, NULL, '180', NULL, NULL, NULL, NULL, NULL, '1/1/1970', 'No quiere nada, por no tener tiempo', 'casa', NULL, NULL, NULL),
(179, NULL, '181', 'Zayyel', NULL, NULL, NULL, NULL, '1/1/1970', 'Libanes, cree en jesucristo', 'casa', NULL, NULL, NULL),
(180, NULL, '182', NULL, NULL, '38', 'Oneida', 'Suarez', '1/1/1970', NULL, 'casa', NULL, NULL, NULL),
(181, NULL, '183', NULL, NULL, '34', 'Liliana', 'Herrera', '8/15/2013', NULL, 'casa', NULL, NULL, NULL),
(182, NULL, '184', NULL, NULL, '34', 'Liliana', 'Herrera', '8/15/2013', 'Hay varios árabes', 'casa', NULL, NULL, NULL),
(183, NULL, '185', NULL, NULL, '34', 'Liliana', 'Herrera', '8/15/2013', 'Una mujer y un hombre', 'casa', NULL, NULL, NULL),
(184, NULL, '186', NULL, NULL, '34', 'Liliana', 'Herrera', '8/15/2013', NULL, 'casa', NULL, NULL, NULL),
(185, NULL, '187', NULL, NULL, '34', 'Liliana', 'Herrera', '8/15/2013', 'Son dos, padre e hijo', 'casa', NULL, NULL, NULL),
(186, NULL, '188', NULL, NULL, '34', 'Liliana', 'Herrera', '8/15/2013', NULL, 'casa', NULL, NULL, NULL),
(187, NULL, '189', NULL, NULL, '34', 'Liliana', 'Herrera', '8/15/2013', NULL, 'casa', NULL, NULL, NULL),
(188, NULL, '190', NULL, NULL, '34', 'Liliana', 'Herrera', '8/15/2013', NULL, 'casa', NULL, NULL, NULL),
(189, NULL, '191', NULL, NULL, '34', 'Liliana', 'Herrera', '8/15/2013', 'Dos arabes', 'casa', NULL, NULL, NULL),
(190, NULL, '192', NULL, NULL, '34', 'Liliana', 'Herrera', '8/15/2013', NULL, 'casa', NULL, NULL, NULL),
(191, NULL, '193', NULL, NULL, '38', 'Oneida', 'Suarez', '8/15/2013', NULL, 'casa', NULL, NULL, NULL),
(192, NULL, '194', NULL, NULL, '38', 'Oneida', 'Suarez', '8/15/2013', 'Son dos', 'casa', NULL, NULL, NULL),
(193, NULL, '195', NULL, NULL, '38', 'Oneida', 'Suarez', '8/15/2013', 'Son dos', 'casa', NULL, NULL, NULL),
(194, NULL, '196', 'Jose', NULL, '38', 'Oneida', 'Suarez', '8/15/2013', 'Quiere literatura en arabe', 'casa', NULL, NULL, 'Tratado Nuevo Mundo'),
(195, NULL, '197', NULL, NULL, '38', 'Oneida', 'Suarez', '8/15/2013', NULL, 'casa', NULL, NULL, NULL),
(196, NULL, '198', NULL, NULL, '38', 'Oneida', 'Suarez', '8/15/2013', 'Familia de Arabes', 'casa', NULL, NULL, NULL),
(197, NULL, '199', NULL, NULL, '38', 'Oneida', 'Suarez', '8/15/2013', 'Dueño es arabe', 'casa', NULL, NULL, NULL),
(198, NULL, '200', NULL, NULL, '38', 'Oneida', 'Suarez', '8/15/2013', 'Son dos arabes', 'casa', NULL, NULL, NULL),
(199, NULL, '201', NULL, NULL, '38', 'Oneida', 'Suarez', '8/15/2013', 'Dos Arabes, poco interes', 'casa', NULL, NULL, NULL),
(200, NULL, '202', NULL, NULL, '38', 'Oneida', 'Suarez', '8/15/2013', 'Dos Arabes', 'casa', NULL, NULL, NULL),
(201, NULL, '203', NULL, NULL, '38', 'Oneida', 'Suarez', '8/15/2013', 'Receptivo', 'casa', NULL, NULL, NULL),
(202, NULL, '204', NULL, NULL, '38', 'Oneida', 'Suarez', '8/15/2013', 'No quiere que le prediquen', 'casa', NULL, NULL, NULL),
(203, NULL, '205', NULL, NULL, '39', 'Ruth', 'de Castillo', '8/15/2013', NULL, 'casa', NULL, NULL, 'Tratado La Verdad'),
(204, NULL, '206', NULL, NULL, '39', 'Ruth', 'de Castillo', '8/15/2013', NULL, 'casa', NULL, NULL, 'Tratado La verdad'),
(205, NULL, '207', NULL, NULL, '39', 'Ruth', 'de Castillo', '8/15/2013', NULL, 'casa', NULL, NULL, 'Tratado La verdad'),
(206, NULL, '208', NULL, NULL, '2', 'Amalia', 'de Fernandez', '8/16/2013', NULL, 'casa', NULL, NULL, 'Tratado Gobernante'),
(207, NULL, '209', 'Cissa', NULL, '2', 'Amalia', 'de Fernandez', '8/16/2013', 'Quiere literatura', 'casa', NULL, NULL, 'Tratado Ser querido'),
(208, NULL, '210', 'Yassek', NULL, '2', 'Amalia', 'de Fernandez', '8/16/2013', NULL, 'casa', NULL, NULL, 'Tratado Gobernante'),
(209, NULL, '211', 'Simon', NULL, '2', 'Amalia', 'de Fernandez', '8/16/2013', NULL, 'casa', NULL, NULL, 'Tratado Gobernante'),
(210, NULL, '212', NULL, NULL, '2', 'Amalia', 'de Fernandez', '8/16/2013', NULL, 'casa', NULL, NULL, NULL),
(211, NULL, '213', NULL, NULL, '2', 'Amalia', 'de Fernandez', '8/16/2013', NULL, 'casa', NULL, NULL, NULL),
(212, NULL, '214', NULL, NULL, '2', 'Amalia', 'de Fernandez', '1/1/1970', NULL, 'casa', NULL, NULL, NULL),
(213, NULL, '215', NULL, NULL, '37', 'Noemi', 'de Acosta', '8/15/2013', NULL, 'casa', NULL, NULL, 'Tratado La verdad'),
(214, NULL, '216', NULL, NULL, '37', 'Noemi', 'de Acosta', '8/15/2013', 'No tiene interes', 'casa', NULL, NULL, NULL),
(215, NULL, '217', NULL, NULL, '34', 'Liliana', 'Herrera', '8/16/2013', NULL, 'casa', NULL, NULL, NULL),
(216, NULL, '218', NULL, NULL, '34', 'Liliana', 'Herrera', '8/16/2013', NULL, 'casa', NULL, NULL, NULL),
(217, NULL, '219', NULL, NULL, '34', 'Liliana', 'Herrera', '8/16/2013', NULL, 'casa', NULL, NULL, NULL),
(218, NULL, '220', NULL, NULL, '34', 'Liliana', 'Herrera', '8/16/2013', 'Tiene el Coran', 'casa', NULL, NULL, NULL),
(219, NULL, '221', NULL, NULL, '38', 'Oneida', 'Suarez', '8/16/2013', NULL, 'casa', NULL, NULL, NULL),
(220, NULL, '222', NULL, NULL, '38', 'Oneida', 'Suarez', '8/16/2013', NULL, 'casa', NULL, NULL, NULL),
(221, NULL, '223', NULL, NULL, '38', 'Oneida', 'Suarez', '8/16/2013', NULL, 'casa', NULL, NULL, NULL),
(222, NULL, '224', NULL, NULL, '38', 'Oneida', 'Suarez', '8/16/2013', NULL, 'casa', NULL, NULL, NULL),
(223, NULL, '225', NULL, NULL, '38', 'Oneida', 'Suarez', '8/16/2013', NULL, 'casa', NULL, NULL, NULL),
(224, NULL, '226', NULL, NULL, '38', 'Oneida', 'Suarez', '8/16/2013', NULL, 'casa', NULL, NULL, NULL),
(225, NULL, '227', NULL, NULL, '36', 'Nazaret', 'Rangel de Toro', '8/16/2013', NULL, 'casa', NULL, NULL, NULL),
(226, NULL, '228', NULL, NULL, '36', 'Nazaret', 'Rangel de Toro', '8/16/2013', NULL, 'casa', NULL, NULL, NULL),
(NULL, NULL, '188', NULL, NULL, '35', NULL, NULL, '10/02/2014 00:00:00', NULL, 'casa', NULL, NULL, 'tratado la verdad y revistas'),
(NULL, NULL, '229', NULL, NULL, '38', NULL, NULL, '10/02/2014 00:00:00', NULL, 'telefono', NULL, NULL, 'confirmado Arabe receptivo'),
(NULL, NULL, '230', NULL, NULL, '38', NULL, NULL, '10/02/2014 00:00:00', NULL, 'telefono', NULL, NULL, 'buzon de voz'),
(NULL, NULL, '231', NULL, NULL, '38', NULL, NULL, '10/02/2014 00:00:00', NULL, 'telefono', NULL, 'hablar de otro tema', 'confirmado arabe'),
(NULL, NULL, '232', NULL, NULL, '38', NULL, NULL, '10/02/2014 00:00:00', NULL, 'telefono', NULL, NULL, 'buzon de voz'),
(NULL, NULL, '233', NULL, NULL, '38', NULL, NULL, '10/02/2014 00:00:00', NULL, 'telefono', NULL, 'Evangelico', 'confirmado arabe'),
(NULL, NULL, '234', NULL, NULL, '38', NULL, NULL, '10/02/2014 00:00:00', NULL, 'telefono', NULL, NULL, 'buzon de voz'),
(NULL, NULL, '235', NULL, NULL, '38', NULL, NULL, '10/02/2014 00:00:00', NULL, 'telefono', NULL, NULL, 'ocupado'),
(NULL, NULL, '236', NULL, NULL, '33', NULL, NULL, '10/02/2014 00:00:00', NULL, 'telefono', NULL, 'revelacion 21:3,4', 'buzon de voz'),
(NULL, NULL, '237', NULL, NULL, '33', NULL, NULL, '10/02/2014 00:00:00', NULL, 'telefono', NULL, 'revelacion 21:3,4', 'buzon de voz'),
(NULL, NULL, '238', NULL, NULL, '33', NULL, NULL, '10/02/2014 00:00:00', NULL, 'telefono', NULL, 'revelacion 21:3,4', 'buzon de voz'),
(NULL, NULL, '239', NULL, NULL, '33', NULL, NULL, '10/02/2014 00:00:00', NULL, 'telefono', NULL, 'revelacion 21:3,4', 'buzon de voz'),
(NULL, NULL, '240', NULL, NULL, '33', NULL, NULL, '10/02/2014 00:00:00', NULL, 'telefono', NULL, 'revelacion 21:3,4', 'buzon de voz'),
(NULL, NULL, '241', NULL, NULL, '33', NULL, NULL, '10/02/2014 00:00:00', NULL, 'telefono', NULL, 'revelacion 21:3,4', 'buzon de voz'),
(NULL, NULL, '242', NULL, NULL, '33', NULL, NULL, '10/02/2014 00:00:00', NULL, 'telefono', NULL, 'revelacion 21:3,4', 'buzon de voz'),
(NULL, NULL, '243', NULL, NULL, '33', NULL, NULL, '10/02/2014 00:00:00', NULL, 'telefono', NULL, NULL, 'confirmado arabes'),
(NULL, NULL, '244', NULL, NULL, '32', NULL, NULL, '10/02/2014 00:00:00', NULL, 'telefono', NULL, NULL, 'buzon de voz'),
(NULL, NULL, '245', NULL, NULL, '32', NULL, NULL, '03/03/2014 00:00:00', 'Receptivo', 'telefono', NULL, 'se leyo revelacion 21:3,4', 'Arabe Mujer'),
(NULL, NULL, '245', NULL, NULL, '32', NULL, NULL, '10/02/2014 00:00:00', NULL, 'telefono', NULL, 'muy amable estaba saliendo', NULL),
(NULL, NULL, '246', NULL, NULL, '32', NULL, NULL, '10/02/2014 00:00:00', NULL, 'telefono', NULL, NULL, 'ocupado'),
(NULL, NULL, '247', NULL, NULL, '32', NULL, NULL, '10/02/2014 00:00:00', NULL, 'telefono', NULL, 'revelacion 21:3,4', 'buzon de voz'),
(NULL, NULL, '248', NULL, NULL, '33', NULL, NULL, '10/02/2014 00:00:00', NULL, 'telefono', NULL, 'isaias2:4', 'ocupado'),
(NULL, NULL, '249', NULL, NULL, '33', NULL, NULL, '10/02/2014 00:00:00', NULL, 'telefono', NULL, 'revelacion 21:3,4', 'buzon de voz'),
(NULL, NULL, '249', NULL, NULL, NULL, NULL, NULL, '03/03/2014 00:00:00', 'Receptivo', 'telefono', NULL, 'muy amable', NULL),
(NULL, NULL, '250', NULL, NULL, '33', NULL, NULL, '10/02/2014 00:00:00', NULL, 'telefono', NULL, 'isaias2:4', 'buzon de voz'),
(NULL, NULL, '251', NULL, NULL, NULL, NULL, NULL, '10/02/2014 00:00:00', 'Receptivo', 'telefono', NULL, 'revelacion 21:3,4', 'mamá es arabe'),
(NULL, NULL, '252', NULL, NULL, NULL, NULL, NULL, '10/02/2014 00:00:00', NULL, 'telefono', NULL, NULL, 'ocupado'),
(NULL, NULL, '253', NULL, NULL, NULL, NULL, NULL, '10/02/2014 00:00:00', NULL, 'telefono', NULL, NULL, 'buzon de voz'),
(NULL, NULL, '254', NULL, NULL, NULL, NULL, NULL, '10/02/2014 00:00:00', NULL, 'telefono', NULL, NULL, 'buzon de voz'),
(NULL, NULL, '255', NULL, NULL, NULL, NULL, NULL, '10/02/2014 00:00:00', NULL, 'telefono', NULL, NULL, 'buzon de voz'),
(NULL, NULL, '256', NULL, NULL, NULL, NULL, NULL, '10/02/2014 00:00:00', NULL, 'telefono', NULL, NULL, 'colgo'),
(NULL, NULL, '257', NULL, NULL, NULL, NULL, NULL, '10/02/2014 00:00:00', NULL, 'telefono', NULL, NULL, 'no funcionaba'),
(NULL, NULL, '258', NULL, NULL, NULL, NULL, NULL, '10/02/2014 00:00:00', NULL, 'telefono', NULL, NULL, 'ocupado'),
(NULL, NULL, '259', NULL, NULL, NULL, NULL, NULL, '10/02/2014 00:00:00', NULL, 'telefono', NULL, NULL, 'numero ocupado'),
(NULL, NULL, '260', NULL, NULL, NULL, NULL, NULL, '10/02/2014 00:00:00', NULL, 'telefono', NULL, NULL, 'no esta interesado'),
(NULL, NULL, '261', NULL, NULL, NULL, NULL, NULL, '10/02/2014 00:00:00', NULL, 'telefono', NULL, NULL, 'buzon de voz'),
(NULL, NULL, '262', NULL, NULL, NULL, NULL, NULL, '10/02/2014 00:00:00', NULL, 'telefono', NULL, NULL, 'buzon de voz'),
(NULL, NULL, '263', NULL, NULL, NULL, NULL, NULL, '10/02/2014 00:00:00', NULL, 'telefono', NULL, NULL, 'buzon de voz'),
(NULL, NULL, '264', NULL, NULL, NULL, NULL, NULL, '10/02/2014 00:00:00', NULL, 'telefono', NULL, NULL, 'buzon de voz'),
(NULL, NULL, '265', NULL, NULL, NULL, NULL, NULL, '10/02/2014 00:00:00', NULL, 'telefono', NULL, NULL, 'buzon de voz'),
(NULL, NULL, '266', NULL, NULL, NULL, NULL, NULL, '10/02/2014 00:00:00', NULL, 'telefono', NULL, NULL, 'buzon de voz'),
(NULL, NULL, '267', NULL, NULL, NULL, NULL, NULL, '10/02/2014 00:00:00', NULL, 'telefono', NULL, NULL, 'buzon de voz'),
(NULL, NULL, '268', NULL, NULL, NULL, NULL, NULL, '10/02/2014 00:00:00', NULL, 'telefono', NULL, NULL, 'buzon de voz'),
(NULL, NULL, '269', NULL, NULL, NULL, NULL, NULL, '10/02/2014 00:00:00', NULL, 'telefono', NULL, NULL, 'buzon de voz'),
(NULL, NULL, '270', NULL, NULL, NULL, NULL, NULL, '10/02/2014 00:00:00', NULL, 'telefono', NULL, NULL, 'buzon de voz'),
(NULL, NULL, '271', NULL, NULL, NULL, NULL, NULL, '10/02/2014 00:00:00', NULL, 'telefono', NULL, NULL, 'no tiene tiempo'),
(NULL, NULL, '272', NULL, NULL, NULL, NULL, NULL, '10/02/2014 00:00:00', NULL, 'telefono', NULL, NULL, NULL),
(NULL, NULL, '272', NULL, NULL, NULL, NULL, NULL, '10/02/2014 00:00:00', NULL, 'telefono', NULL, NULL, 'volver a llamar'),
(NULL, NULL, '273', NULL, NULL, NULL, NULL, NULL, '10/02/2014 00:00:00', NULL, 'telefono', NULL, NULL, 'volver a llamar'),
(NULL, NULL, '274', NULL, NULL, NULL, NULL, NULL, '10/02/2014 00:00:00', NULL, 'telefono', NULL, NULL, 'volver a llamar'),
(NULL, NULL, '275', NULL, NULL, NULL, NULL, NULL, '10/02/2014 00:00:00', NULL, 'telefono', NULL, NULL, 'volver a llamar'),
(NULL, NULL, '276', NULL, NULL, NULL, NULL, NULL, '10/02/2014 00:00:00', NULL, 'telefono', NULL, NULL, 'volver a llamar'),
(NULL, NULL, '277', NULL, NULL, NULL, NULL, NULL, '10/02/2014 00:00:00', NULL, 'telefono', NULL, NULL, 'volver a llamar'),
(NULL, NULL, '278', NULL, NULL, NULL, NULL, NULL, '10/02/2014 00:00:00', NULL, 'telefono', NULL, NULL, 'volver a llamar'),
(NULL, NULL, '279', NULL, NULL, NULL, NULL, NULL, '10/02/2014 00:00:00', NULL, 'telefono', NULL, NULL, 'volver a llamar'),
(NULL, NULL, '280', NULL, NULL, NULL, NULL, NULL, '10/02/2014 00:00:00', NULL, 'telefono', NULL, NULL, 'volver a llamar'),
(NULL, NULL, '281', NULL, NULL, NULL, NULL, NULL, '10/02/2014 00:00:00', NULL, 'telefono', NULL, NULL, 'volver a llamar'),
(NULL, NULL, '282', NULL, NULL, NULL, NULL, NULL, '10/02/2014 00:00:00', NULL, 'telefono', NULL, NULL, 'volver a llamar'),
(NULL, NULL, '283', NULL, NULL, NULL, NULL, NULL, '10/02/2014 00:00:00', NULL, 'telefono', NULL, NULL, 'volver a llamar'),
(NULL, NULL, '284', NULL, NULL, NULL, NULL, NULL, '10/02/2014 00:00:00', NULL, 'telefono', NULL, NULL, 'volver a llamar'),
(NULL, NULL, '285', NULL, NULL, NULL, NULL, NULL, '10/02/2014 00:00:00', NULL, 'telefono', NULL, NULL, 'volver a llamar'),
(NULL, NULL, '286', NULL, NULL, NULL, NULL, NULL, '10/02/2014 00:00:00', NULL, 'telefono', NULL, NULL, 'volver a llamar'),
(NULL, NULL, '287', NULL, NULL, NULL, NULL, NULL, '10/02/2014 00:00:00', NULL, 'telefono', NULL, NULL, 'volver a llamar'),
(NULL, NULL, '288', NULL, NULL, NULL, NULL, NULL, '10/02/2014 00:00:00', NULL, 'telefono', NULL, NULL, 'volver a llamar'),
(NULL, NULL, '289', NULL, NULL, NULL, NULL, NULL, '10/02/2014 00:00:00', NULL, 'telefono', NULL, NULL, 'volver a llamar'),
(NULL, NULL, '300', NULL, NULL, NULL, NULL, NULL, '10/02/2014 00:00:00', NULL, 'telefono', NULL, NULL, 'volver a llamar'),
(NULL, NULL, '301', NULL, NULL, NULL, NULL, NULL, '10/02/2014 00:00:00', NULL, 'telefono', NULL, NULL, 'volver a llamar'),
(NULL, NULL, '302', NULL, NULL, NULL, NULL, NULL, '10/02/2014 00:00:00', NULL, 'telefono', NULL, NULL, 'volver a llamar'),
(NULL, NULL, '303', NULL, NULL, NULL, NULL, NULL, '10/02/2014 00:00:00', NULL, 'telefono', NULL, NULL, 'volver a llamar'),
(NULL, NULL, '304', NULL, NULL, NULL, NULL, NULL, '10/02/2014 00:00:00', NULL, 'telefono', NULL, NULL, 'volver a llamar'),
(NULL, NULL, '305', NULL, NULL, NULL, NULL, NULL, '10/02/2014 00:00:00', NULL, 'telefono', NULL, NULL, 'volver a llamar'),
(NULL, NULL, '306', NULL, NULL, NULL, NULL, NULL, '10/02/2014 00:00:00', NULL, 'telefono', NULL, NULL, 'volver a llamar'),
(NULL, NULL, '307', NULL, NULL, NULL, NULL, NULL, '10/02/2014 00:00:00', NULL, 'telefono', NULL, NULL, 'volver a llamar'),
(NULL, NULL, '308', NULL, NULL, NULL, NULL, NULL, '10/02/2014 00:00:00', NULL, 'telefono', NULL, 'de Viaje', 'confirmado arabe'),
(NULL, NULL, '309', NULL, NULL, NULL, NULL, NULL, '10/02/2014 00:00:00', NULL, 'telefono', NULL, 'salmos37:10,11', 'confirmado arabe'),
(NULL, NULL, '310', NULL, NULL, NULL, NULL, NULL, '10/02/2014 00:00:00', NULL, 'telefono', NULL, NULL, 'no contestaron'),
(NULL, NULL, '311', NULL, NULL, NULL, NULL, NULL, '10/02/2014 00:00:00', NULL, 'telefono', NULL, NULL, 'volver a llamar'),
(NULL, NULL, '312', NULL, NULL, NULL, NULL, NULL, '10/02/2014 00:00:00', NULL, 'telefono', NULL, NULL, 'no contestaron'),
(NULL, NULL, '313', NULL, NULL, NULL, NULL, NULL, '10/02/2014 00:00:00', NULL, 'telefono', NULL, 'muy amable', 'tiene su propia Religion'),
(NULL, NULL, '314', NULL, NULL, NULL, NULL, NULL, '10/02/2014 00:00:00', NULL, 'telefono', NULL, NULL, 'volver a llamar'),
(NULL, NULL, '316', NULL, NULL, NULL, NULL, NULL, '10/02/2014 00:00:00', NULL, 'telefono', NULL, 'salmos37:10,11', 'receptiva'),
(NULL, NULL, '317', NULL, NULL, NULL, NULL, NULL, '10/02/2014 00:00:00', NULL, 'telefono', NULL, NULL, 'receptiva'),
(NULL, NULL, '318', NULL, NULL, NULL, NULL, NULL, '10/02/2014 00:00:00', NULL, 'telefono', NULL, NULL, 'no contestaron'),
(NULL, NULL, '319', NULL, NULL, NULL, NULL, NULL, '10/02/2014 00:00:00', NULL, 'telefono', NULL, 'salmos37:10,11', ' contesto Marielena'),
(NULL, NULL, '320', NULL, NULL, NULL, NULL, NULL, '10/02/2014 00:00:00', NULL, 'telefono', NULL, NULL, 'contesto ocupada'),
(NULL, NULL, '321', NULL, NULL, NULL, NULL, NULL, '10/02/2014 00:00:00', NULL, 'telefono', NULL, NULL, 'buzon de voz'),
(NULL, NULL, '322', NULL, NULL, NULL, NULL, NULL, '10/02/2014 00:00:00', NULL, 'telefono', NULL, 'de Viaje', NULL),
(NULL, NULL, '323', NULL, NULL, NULL, NULL, NULL, '10/02/2014 00:00:00', NULL, 'telefono', NULL, 'contesto niñera llamar luego', NULL),
(NULL, NULL, '324', NULL, NULL, NULL, NULL, NULL, '10/02/2014 00:00:00', NULL, 'telefono', NULL, NULL, 'confirmado arabe'),
(NULL, NULL, '325', NULL, NULL, NULL, NULL, NULL, '10/02/2014 00:00:00', NULL, 'telefono', NULL, NULL, 'es receptivo telefonicamente'),
(NULL, NULL, '226', NULL, NULL, NULL, NULL, NULL, '10/02/2014 00:00:00', NULL, 'telefono', NULL, 'santiago 1:13', 'buzon de voz'),
(NULL, NULL, '227', NULL, NULL, NULL, NULL, NULL, '10/02/2014 00:00:00', NULL, 'telefono', NULL, 'llamar en otro momento', 'zapateria'),
(NULL, NULL, '328', NULL, NULL, NULL, NULL, NULL, '10/02/2014 00:00:00', 'Receptivo', 'telefono', NULL, 'llamar en otro momento', 'confirmado arabe'),
(NULL, NULL, '329', NULL, NULL, NULL, NULL, NULL, '10/02/2014 00:00:00', 'Receptivo', 'telefono', NULL, 'Que sucede al morir', 'contesto esposa'),
(NULL, NULL, '330', NULL, NULL, NULL, NULL, NULL, '10/02/2014 00:00:00', 'Receptivo', 'telefono', NULL, 'se le leyo ecle 9:5', NULL),
(NULL, NULL, '330', NULL, NULL, NULL, NULL, NULL, '10/02/2014 00:00:00', 'Receptivo', 'telefono', NULL, 'papa Arabe - mama venezola', 'se le comenzo el estudio'),
(NULL, NULL, '331', NULL, NULL, NULL, NULL, NULL, '10/02/2014 00:00:00', NULL, 'telefono', NULL, 'mateo 5:3', 'buzon de voz'),
(NULL, NULL, '332', NULL, NULL, NULL, NULL, NULL, '10/02/2014 00:00:00', NULL, 'telefono', NULL, 'mateo 5:3', 'buzon de voz'),
(NULL, NULL, '333', NULL, NULL, NULL, NULL, NULL, '10/02/2014 00:00:00', NULL, 'telefono', NULL, NULL, 'no contestaron'),
(NULL, NULL, '334', NULL, NULL, NULL, NULL, NULL, '10/02/2014 00:00:00', NULL, 'telefono', NULL, 'mateo 5:3', 'buzon de voz'),
(NULL, NULL, '334', NULL, NULL, NULL, NULL, NULL, '03/03/2014 00:00:00', NULL, 'telefono', NULL, 'revelacion 21:3,4', 'buzon de voz'),
(NULL, NULL, '335', NULL, NULL, NULL, NULL, NULL, '10/02/2014 00:00:00', NULL, 'telefono', NULL, 'mateo 5:3', 'buzon de voz'),
(NULL, NULL, '336', NULL, NULL, NULL, NULL, NULL, '10/02/2014 00:00:00', NULL, 'telefono', NULL, 'no quiere nada Catolica', NULL),
(NULL, NULL, '337', NULL, NULL, NULL, NULL, NULL, '10/02/2014 00:00:00', NULL, 'telefono', NULL, 'revelacion 21:3,4', 'buzon de voz'),
(NULL, NULL, '337', NULL, NULL, NULL, NULL, NULL, '03/03/2014 00:00:00', 'Receptivo', 'telefono', NULL, 'que sucede al morir', NULL),
(NULL, NULL, '338', NULL, NULL, NULL, NULL, NULL, '10/02/2014 00:00:00', NULL, 'telefono', NULL, NULL, 'no contestaron'),
(NULL, NULL, '339', NULL, NULL, NULL, NULL, NULL, '10/02/2014 00:00:00', NULL, 'telefono', NULL, NULL, 'no contestaron'),
(NULL, NULL, '340', NULL, NULL, NULL, NULL, NULL, '10/02/2014 00:00:00', NULL, 'telefono', NULL, 'colgo intentar otra ocasión ', NULL),
(NULL, NULL, '341', NULL, NULL, NULL, NULL, NULL, '10/02/2014 00:00:00', NULL, 'telefono', NULL, 'isaias 2:4', NULL),
(NULL, NULL, '342', NULL, NULL, NULL, NULL, NULL, '10/02/2014 00:00:00', NULL, 'telefono', NULL, 'escucho pero ocupada', NULL),
(NULL, NULL, '343', NULL, NULL, NULL, NULL, NULL, '10/02/2014 00:00:00', NULL, 'telefono', NULL, 'no esta interesada', NULL),
(NULL, NULL, '344', NULL, NULL, NULL, NULL, NULL, '10/02/2014 00:00:00', NULL, 'telefono', NULL, 'contesto empleada', NULL),
(NULL, NULL, '345', NULL, NULL, NULL, NULL, NULL, '10/02/2014 00:00:00', NULL, 'telefono', NULL, NULL, 'buzon de voz'),
(NULL, NULL, '346', NULL, NULL, NULL, NULL, NULL, '10/02/2014 00:00:00', 'no llamar', 'telefono', NULL, 'no esta interesada', 'no quiere que llamen'),
(NULL, NULL, '347', NULL, NULL, NULL, NULL, NULL, '10/02/2014 00:00:00', NULL, 'telefono', NULL, 'no esta interesada', NULL),
(NULL, NULL, '348', NULL, NULL, NULL, NULL, NULL, '10/02/2014 00:00:00', NULL, 'telefono', NULL, NULL, 'volver a llamar'),
(NULL, NULL, '349', NULL, NULL, NULL, NULL, NULL, '10/02/2014 00:00:00', NULL, 'telefono', NULL, NULL, 'no contestaron'),
(NULL, NULL, '350', NULL, NULL, NULL, NULL, NULL, '10/02/2014 00:00:00', NULL, 'telefono', NULL, NULL, 'volver a llamar'),
(NULL, NULL, '351', NULL, NULL, NULL, NULL, NULL, '10/02/2014 00:00:00', NULL, 'telefono', NULL, 'no interesado', 'volver a llamar'),
(NULL, NULL, '352', NULL, NULL, NULL, NULL, NULL, '10/02/2014 00:00:00', NULL, 'telefono', NULL, NULL, 'volver a llamar'),
(NULL, NULL, '353', NULL, NULL, NULL, NULL, NULL, '10/02/2014 00:00:00', NULL, 'telefono', NULL, NULL, 'volver a llamar'),
(NULL, NULL, '354', NULL, NULL, NULL, NULL, NULL, '10/02/2014 00:00:00', NULL, 'telefono', NULL, NULL, 'volver a llamar'),
(NULL, NULL, '355', NULL, NULL, NULL, NULL, NULL, '10/02/2014 00:00:00', NULL, 'telefono', NULL, NULL, 'volver a llamar'),
(NULL, NULL, '356', NULL, NULL, NULL, NULL, NULL, '10/02/2014 00:00:00', NULL, 'telefono', NULL, NULL, 'llamar luego'),
(NULL, NULL, '357', NULL, NULL, NULL, NULL, NULL, '10/02/2014 00:00:00', NULL, 'telefono', NULL, NULL, 'buzon de voz'),
(NULL, NULL, '358', NULL, NULL, NULL, NULL, NULL, '10/02/2014 00:00:00', NULL, 'telefono', NULL, NULL, 'volver a llamar un varon'),
(NULL, NULL, '359', NULL, NULL, NULL, NULL, NULL, '10/02/2014 00:00:00', NULL, 'telefono', NULL, 'señor arabe ', 'no entendio mucho español'),
(NULL, NULL, '360', NULL, NULL, NULL, NULL, NULL, '10/02/2014 00:00:00', NULL, 'telefono', NULL, NULL, 'buzon de voz'),
(NULL, NULL, '361', NULL, NULL, NULL, NULL, NULL, '10/02/2014 00:00:00', 'no Receptivo', 'telefono', NULL, NULL, 'volver a llamar'),
(NULL, NULL, '362', NULL, NULL, NULL, NULL, NULL, '10/02/2014 00:00:00', NULL, 'telefono', NULL, 'contesto pero ocupada', 'volver a llamar'),
(NULL, NULL, '363', NULL, NULL, NULL, NULL, NULL, '01/03/2014 00:00:00', NULL, 'telefono', NULL, 'de viaje', 'volver a llamar'),
(NULL, NULL, '364', NULL, NULL, NULL, NULL, NULL, '10/02/2014 00:00:00', NULL, 'telefono', NULL, NULL, 'volver a llamar'),
(NULL, NULL, '365', NULL, NULL, NULL, NULL, NULL, '10/02/2014 00:00:00', NULL, 'telefono', NULL, NULL, 'buzon de voz'),
(NULL, NULL, '366', NULL, NULL, NULL, NULL, NULL, '10/02/2014 00:00:00', NULL, 'telefono', NULL, NULL, 'volver a llamar'),
(NULL, NULL, '367', NULL, NULL, NULL, NULL, NULL, '10/02/2014 00:00:00', NULL, 'telefono', NULL, NULL, 'buzon de voz'),
(NULL, NULL, '368', NULL, NULL, NULL, NULL, NULL, '10/02/2014 00:00:00', NULL, 'telefono', NULL, NULL, 'volver a llamar'),
(NULL, NULL, '369', NULL, NULL, NULL, NULL, NULL, '10/02/2014 00:00:00', 'No llamar', 'telefono', NULL, 'hombre catolico', NULL),
(NULL, NULL, '370', NULL, NULL, NULL, NULL, NULL, '10/02/2014 00:00:00', NULL, 'telefono', NULL, NULL, 'buzon de voz'),
(NULL, NULL, '371', NULL, NULL, NULL, NULL, NULL, '10/02/2014 00:00:00', NULL, 'telefono', NULL, NULL, 'volver a llamar'),
(NULL, NULL, '372', NULL, NULL, NULL, NULL, NULL, '10/02/2014 00:00:00', NULL, 'telefono', NULL, NULL, 'buzon de voz'),
(NULL, NULL, '373', NULL, NULL, NULL, NULL, NULL, '10/02/2014 00:00:00', 'volver a llamar', 'telefono', NULL, NULL, 'buzon de voz'),
(NULL, NULL, '374', NULL, NULL, NULL, NULL, NULL, '10/02/2014 00:00:00', 'Receptivo', 'telefono', NULL, 'cristiana evangelica', NULL),
(NULL, NULL, '375', NULL, NULL, NULL, NULL, NULL, '10/02/2014 00:00:00', NULL, 'telefono', NULL, NULL, 'buzon de voz'),
(NULL, NULL, '376', NULL, NULL, NULL, NULL, NULL, '10/02/2014 00:00:00', NULL, 'telefono', NULL, 'tema sobre las gerraras', 'señora preocupada situacion actual'),
(NULL, NULL, '377', NULL, NULL, NULL, NULL, NULL, '10/02/2014 00:00:00', NULL, 'telefono', NULL, NULL, 'volver a llamar'),
(NULL, NULL, '378', NULL, NULL, NULL, NULL, NULL, '10/02/2014 00:00:00', 'no llamar', 'telefono', NULL, 'catolica', NULL),
(NULL, NULL, '379', NULL, NULL, NULL, NULL, NULL, '10/02/2014 00:00:00', 'Receptivo', 'telefono', NULL, 'señora kamal', NULL),
(NULL, NULL, '380', NULL, NULL, NULL, NULL, NULL, '10/02/2014 00:00:00', NULL, 'telefono', NULL, NULL, 'volver a llamar'),
(NULL, NULL, '381', NULL, NULL, NULL, NULL, NULL, '10/02/2014 00:00:00', 'no llamar', 'telefono', NULL, 'no interesado', NULL),
(NULL, NULL, '382', NULL, NULL, NULL, NULL, NULL, '10/02/2014 00:00:00', NULL, 'telefono', NULL, NULL, 'volver a llamar'),
(NULL, NULL, '383', NULL, NULL, NULL, NULL, NULL, '10/02/2014 00:00:00', NULL, 'telefono', NULL, NULL, 'volver a llamar'),
(NULL, NULL, '252', NULL, NULL, '50', NULL, NULL, '3/15/2014', NULL, 'telefono', NULL, 'interesado', 'son arabe volver a llamar emergencia familiar'),
(NULL, NULL, '251', NULL, NULL, '50', NULL, NULL, '3/15/2014', 'no interesado', 'telefono', NULL, 'son arabes', 'volver a llamar'),
(NULL, NULL, '229', NULL, NULL, '50', NULL, NULL, '3/15/2014', 'Receptivo', 'telefono', NULL, 'llevar literatura a su casa', 'todofertas'),
(NULL, NULL, '230', NULL, NULL, '50', NULL, NULL, '3/15/2014', NULL, 'telefono', NULL, NULL, 'colgo'),
(NULL, NULL, '231', NULL, NULL, '50', NULL, NULL, '3/15/2014', NULL, 'telefono', NULL, 'hombre ', 'no esta en disposicion de hablar'),
(NULL, NULL, '232', NULL, NULL, '50', NULL, NULL, '3/15/2014', NULL, 'telefono', NULL, 'receptivo dio direccion', NULL),
(NULL, NULL, '233', NULL, NULL, '50', NULL, NULL, '3/15/2014', NULL, 'telefono', NULL, 'direccion de trabajo: yerbabuena carrizal calle principal 2da bodega 2 portones azules claros negocio Colchones alberto Perez', 'pasar los Miercoles'),
(NULL, NULL, '234', NULL, NULL, '50', NULL, NULL, '3/15/2014', NULL, 'telefono', NULL, NULL, 'buzon de voz'),
(NULL, NULL, '235', NULL, NULL, '50', NULL, NULL, '3/15/2014', NULL, 'telefono', NULL, 'colgo intentar otra ocasión ', NULL),
(NULL, NULL, '236', NULL, NULL, '50', NULL, NULL, '3/15/2014', NULL, 'telefono', NULL, NULL, 'buzon de voz'),
(NULL, NULL, '237', NULL, NULL, '50', NULL, NULL, '3/15/2014', NULL, 'telefono', NULL, NULL, 'fuera de servicio'),
(NULL, NULL, '238', NULL, NULL, '50', NULL, NULL, '3/15/2014', NULL, 'telefono', NULL, NULL, 'buzon de voz'),
(NULL, NULL, '239', NULL, NULL, '50', NULL, NULL, '3/15/2014', NULL, 'telefono', NULL, NULL, 'buzon de voz'),
(NULL, NULL, '240', NULL, NULL, '50', NULL, NULL, '3/15/2014', NULL, 'telefono', NULL, NULL, 'buzon de voz'),
(NULL, NULL, '241', NULL, NULL, '50', NULL, NULL, '3/15/2014', NULL, 'telefono', NULL, 'no tiene tiempo', 'volver a llamar'),
(NULL, NULL, '242', NULL, NULL, '50', NULL, NULL, '3/15/2014', NULL, 'telefono', NULL, NULL, 'buzon de voz'),
(NULL, NULL, '243', NULL, NULL, '50', NULL, NULL, '3/15/2014', 'no interesado', 'telefono', NULL, 'catolica', 'receptiva'),
(NULL, NULL, '244', NULL, NULL, '50', NULL, NULL, '3/15/2014', 'volver a llamar', 'telefono', NULL, NULL, 'contesto ocupado'),
(NULL, NULL, '371', NULL, NULL, '44', NULL, NULL, '3/15/2014', NULL, 'telefono', NULL, NULL, 'buzon de voz'),
(NULL, NULL, '372', NULL, NULL, '39', NULL, NULL, '3/15/2014', NULL, 'telefono', NULL, NULL, 'buzon de voz'),
(NULL, NULL, '373', NULL, NULL, '38', NULL, NULL, '3/15/2014', NULL, 'telefono', NULL, NULL, 'buzon de voz'),
(NULL, NULL, '374', NULL, NULL, '44', NULL, NULL, '3/15/2014', NULL, 'telefono', NULL, '2 timoteo 3:1-5', 'buzon de voz'),
(NULL, NULL, '375', NULL, NULL, '44', NULL, NULL, '3/15/2014', NULL, 'telefono', NULL, 'contesto señora se le leyo 2 tim 3:1-5 y 2ped 3:13', 'se corto la llamada'),
(NULL, NULL, '376', NULL, NULL, '39', NULL, NULL, '3/15/2014', NULL, 'telefono', NULL, NULL, 'telefono ocupado'),
(NULL, NULL, '377', NULL, NULL, '38', NULL, NULL, '3/15/2014', NULL, 'telefono', NULL, NULL, 'numero equivocado'),
(NULL, NULL, '378', NULL, NULL, '44', NULL, NULL, '3/15/2014', 'no llamar', 'telefono', NULL, 'catolica', NULL),
(NULL, NULL, '379', NULL, NULL, '39', NULL, NULL, '3/15/2014', NULL, 'telefono', NULL, 'contesto pero colgo la llamada', NULL),
(NULL, NULL, '380', NULL, NULL, '38', NULL, NULL, '3/15/2014', NULL, 'telefono', NULL, NULL, 'telefono ocupado'),
(NULL, NULL, '346', NULL, NULL, '44', NULL, NULL, '3/15/2014', 'no llamar', 'telefono', NULL, 'catolica', NULL),
(NULL, NULL, '347', NULL, NULL, '39', NULL, NULL, '3/15/2014', NULL, 'telefono', NULL, 'contesto pero estaba ocupada', NULL),
(NULL, NULL, '348', NULL, NULL, '38', NULL, NULL, '3/15/2014', NULL, 'telefono', NULL, 'numero equivocado', NULL),
(NULL, NULL, '349', NULL, NULL, '44', NULL, NULL, '3/15/2014', NULL, 'telefono', NULL, NULL, 'buzon de voz'),
(NULL, NULL, '350', NULL, NULL, '39', NULL, NULL, '3/15/2014', NULL, 'telefono', NULL, 'numero equivocado', NULL),
(NULL, NULL, '351', NULL, NULL, '38', NULL, NULL, '3/15/2014', 'no interesado', 'telefono', NULL, 'contesto señor ', NULL),
(NULL, NULL, '352', NULL, NULL, '44', NULL, NULL, '3/15/2014', NULL, 'telefono', NULL, NULL, 'telefono ocupado'),
(NULL, NULL, '353', NULL, NULL, '39', NULL, NULL, '3/15/2014', NULL, 'telefono', NULL, 'contesto joven pero no interesado', NULL),
(NULL, NULL, '354', NULL, NULL, '38', NULL, NULL, '3/15/2014', NULL, 'telefono', NULL, 'sin servicio', NULL),
(NULL, NULL, '355', NULL, NULL, '44', NULL, NULL, '3/15/2014', NULL, 'telefono', NULL, NULL, 'volver a llamar'),
(NULL, NULL, '356', NULL, NULL, '39', NULL, NULL, '3/15/2014', NULL, 'telefono', NULL, 'contesto señopra catolica amable pero ya tiene su religion', 'no son arabe'),
(NULL, NULL, '357', NULL, NULL, '38', NULL, NULL, '3/15/2014', NULL, 'telefono', NULL, 'contesto señor pero no tiene tiempo', NULL),
(NULL, NULL, '358', NULL, NULL, '44', NULL, NULL, '3/15/2014', NULL, 'telefono', NULL, NULL, 'telefono ocupado'),
(NULL, NULL, '359', NULL, NULL, '39', NULL, NULL, '3/15/2014', NULL, 'telefono', NULL, NULL, 'telefono ocupado'),
(NULL, NULL, '360', NULL, NULL, '38', NULL, NULL, '3/15/2014', NULL, 'telefono', NULL, 'revelacion 21:3,4', 'buzon de voz'),
(NULL, NULL, '361', NULL, NULL, '44', NULL, NULL, '3/15/2014', NULL, 'telefono', NULL, NULL, 'telefono ocupado'),
(NULL, NULL, '362', NULL, NULL, '39', NULL, NULL, '3/15/2014', NULL, 'telefono', NULL, NULL, 'buzon de voz'),
(NULL, NULL, '363', NULL, NULL, '38', NULL, NULL, '3/15/2014', NULL, 'telefono', NULL, NULL, 'buzon de voz'),
(NULL, NULL, '364', NULL, NULL, '44', NULL, NULL, '3/15/2014', NULL, 'telefono', NULL, NULL, 'telefono ocupado');

-- 
-- Dumping data for table municipios
--

-- Table sisri.municipios does not contain any data (it is empty)

-- 
-- Dumping data for table zonas
--
INSERT INTO zonas VALUES
(1, 'Los Teques', '2014-03-10 22:39:34', '2014-03-10 22:39:34', NULL, 1),
(2, 'Carrizal', '2014-03-10 23:05:36', '2014-03-10 23:05:36', NULL, 3),
(3, 'San Antonio', '2014-03-17 08:40:51', '2014-03-17 08:40:11', NULL, NULL),
(4, 'Montaña Alta', '2014-03-20 05:39:13', '2014-03-20 05:38:09', NULL, NULL),
(5, 'Colinas Carrizal', '2014-03-20 05:39:13', '2014-03-20 05:38:09', NULL, NULL),
(6, 'Corralito Carrizal', '2014-03-20 05:39:13', '2014-03-20 05:38:09', NULL, NULL),
(7, 'Llano Alto Carrizal', '2014-03-20 05:39:13', '2014-03-20 05:38:09', NULL, NULL),
(8, 'Las Salias San Antonio', '2014-03-20 05:39:13', '2014-03-20 05:38:09', NULL, NULL),
(9, 'El Amarillo San Antonio', '2014-03-20 05:39:13', '2014-03-20 05:38:09', NULL, NULL),
(10, 'El Limón San Antonio', '2014-03-20 05:39:13', '2014-03-20 05:38:09', NULL, NULL),
(11, 'San Antonio De Los Altos', '2014-03-20 05:39:13', '2014-03-20 05:38:09', NULL, NULL),
(12, 'Las Minas San Antonio', '2014-03-20 05:39:13', '2014-03-20 05:38:09', NULL, NULL),
(13, 'Club De Campo San Antonio', '2014-03-20 05:39:13', '2014-03-20 05:38:09', NULL, NULL),
(14, 'San Juan San Antonio', '2014-03-20 05:39:13', '2014-03-20 05:38:09', NULL, NULL),
(15, 'El Picacho San Antonio', '2014-03-20 05:39:13', '2014-03-20 05:38:09', NULL, NULL),
(16, 'Sierra Brava San Antonio', '2014-03-20 05:39:13', '2014-03-20 05:38:09', NULL, NULL),
(17, 'El Pueblo San Antonio', '2014-03-20 05:39:13', '2014-03-20 05:38:09', NULL, NULL),
(18, 'La Gonzalera San Antonio', '2014-03-20 05:39:13', '2014-03-20 05:38:09', NULL, NULL),
(19, 'El Retiro San Antonio', '2014-03-20 05:39:13', '2014-03-20 05:38:09', NULL, NULL),
(20, 'Potrerito San Antonio', '2014-03-20 05:39:13', '2014-03-20 05:38:09', NULL, NULL),
(21, 'La Morita San Antonio', '2014-03-20 05:39:13', '2014-03-20 05:38:09', NULL, NULL),
(22, 'Los Castores San Antonio', '2014-03-20 05:39:13', '2014-03-20 05:38:09', NULL, NULL),
(23, 'Las Polonias Viejas San Antonio', '2014-03-20 05:39:13', '2014-03-20 05:38:09', NULL, NULL),
(24, 'La Rosaleda Sur San Antonio', '2014-03-20 05:39:13', '2014-03-20 05:38:09', NULL, NULL),
(25, 'La Arboleda San Antonio', '2014-03-20 05:39:13', '2014-03-20 05:38:09', NULL, NULL),
(26, 'La Rosaleda San Antonio', '2014-03-20 05:39:13', '2014-03-20 05:38:09', NULL, NULL),
(27, 'El Centro Los Teques', '2014-03-20 05:39:13', '2014-03-20 05:38:09', NULL, NULL),
(28, 'Los Nuevos Teques', '2014-03-20 05:39:13', '2014-03-20 05:38:09', NULL, NULL),
(29, 'El Llano Los Teques', '2014-03-20 05:39:13', '2014-03-20 05:38:09', NULL, NULL),
(30, 'El Encanto Los Teques', '2014-03-20 05:39:13', '2014-03-20 05:38:09', NULL, NULL),
(31, 'Centro Los Teques', '2014-03-20 05:39:13', '2014-03-20 05:38:09', NULL, NULL),
(32, 'Los Lagos Los Teques', '2014-03-20 05:39:13', '2014-03-20 05:38:09', NULL, NULL),
(33, 'El Cabotaje Los Teques', '2014-03-20 05:39:13', '2014-03-20 05:38:09', NULL, NULL),
(34, 'Las 4 Esquinas Los Teques', '2014-03-20 05:39:13', '2014-03-20 05:38:09', NULL, NULL),
(35, 'El Pueblo Los Teques', '2014-03-20 05:39:13', '2014-03-20 05:38:09', NULL, NULL),
(36, 'Valle Alto Los Teques', '2014-03-20 05:39:13', '2014-03-20 05:38:09', NULL, NULL),
(37, 'Santa Rosa Los Teques', '2014-03-20 05:39:13', '2014-03-20 05:38:09', NULL, NULL),
(38, 'Club Hípico Los Teques', '2014-03-20 05:39:13', '2014-03-20 05:38:09', NULL, NULL),
(39, 'Carretera Panamericana Los Teques', '2014-03-20 05:39:13', '2014-03-20 05:38:09', NULL, NULL),
(40, 'El Paseo Los Teques', '2014-03-20 05:39:13', '2014-03-20 05:38:09', NULL, NULL),
(41, 'Ramo Verde Los Teques', '2014-03-20 05:39:13', '2014-03-20 05:38:09', NULL, NULL),
(42, 'Santa María Los Teques', '2014-03-20 05:39:13', '2014-03-20 05:38:09', NULL, NULL),
(43, 'La Matica Los Teques', '2014-03-20 05:39:13', '2014-03-20 05:38:09', NULL, NULL),
(44, 'El Barbecho  Los Teques', '2014-03-20 05:39:13', '2014-03-20 05:38:09', NULL, NULL),
(45, 'La Lagunita Los Teques', '2014-03-20 05:39:13', '2014-03-20 05:38:09', NULL, NULL),
(46, 'Macarena Sur Los Teques', '2014-03-20 05:39:13', '2014-03-20 05:38:09', NULL, NULL),
(47, 'Parque Las Américas Los Teques', '2014-03-20 05:39:13', '2014-03-20 05:38:09', NULL, NULL),
(48, 'El Centro Miranda, Los Teques', '2014-03-20 05:39:13', '2014-03-20 05:38:09', NULL, NULL),
(49, 'El Paso  Los Teques', '2014-03-20 05:39:13', '2014-03-20 05:38:09', NULL, NULL);

-- 
-- Dumping data for table direcciones
--
INSERT INTO direcciones VALUES
(117, 1, 'Bermudez', 'Final calle guaicaipuro', 'Araguaney', 'PH', 'A', '', '', NULL, NULL, NULL, '2014-03-11 22:07:10'),
(118, 1, 'Bermudez', '', '', '', '', 'Comercial Kainotak', '', NULL, NULL, NULL, '2014-03-11 22:07:10'),
(119, 1, 'Bermudez', '', '', '', '', 'Zapateria Conforteset', '', NULL, NULL, NULL, '2014-03-11 22:07:10'),
(120, 1, 'Bermudez', '', '', '', '', 'Muebleria Miracielo', '', NULL, NULL, NULL, '2014-03-11 22:07:10'),
(121, 1, 'Bermudez', '', '', '', '', 'Farmacia Jocari', '', NULL, NULL, NULL, '2014-03-11 22:07:10'),
(122, 1, 'Bermudez', '', '', '', '', 'Venta de lenceria', '', NULL, NULL, NULL, '2014-03-11 22:07:11'),
(123, 1, 'Bermudez', '', '', '', '', 'Arreglo de Zapatos', '', NULL, NULL, NULL, '2014-03-11 22:07:11'),
(124, 1, 'Bermudez', '', '', '', '', 'Tienda SuperCool', '', NULL, NULL, NULL, '2014-03-11 22:07:11'),
(125, 1, 'Bermudez', '', '', 'PB', '', 'Lenceria Miracielo', '', NULL, NULL, NULL, '2014-03-11 22:07:11'),
(126, 1, 'Bermudez', '', 'Residencias el Parque', '10', '101', '', '', NULL, NULL, NULL, '2014-03-11 22:07:11'),
(127, 1, 'Miquilen', '', '', '', '', 'Muebleria Miquilen 2050', '', NULL, NULL, NULL, '2014-03-11 22:07:11'),
(128, 1, 'Miquilen', '', '', '', '', 'Calzado y Algo más', '', NULL, NULL, NULL, '2014-03-11 22:07:11'),
(129, 1, 'Miquilen', '', '', '', '', 'Tienda Total º1', '', NULL, NULL, NULL, '2014-03-11 22:07:12'),
(130, 1, 'Miquilen', '', '', '', '', 'Tienda Hanna', '', NULL, NULL, NULL, '2014-03-11 22:07:12'),
(131, 1, 'Miquilen', '', '', '', '', '', 'Frente a Farmacias Saas', NULL, NULL, NULL, '2014-03-11 22:07:12'),
(132, 1, 'Miquilen', '', '', '', '', 'Comercial Macostifan', '', NULL, NULL, NULL, '2014-03-11 22:07:12'),
(133, 1, 'Miquilen', '', '', '', '', 'Muebleria Comercial JH-20 Marah C.A.', 'Al lado de charcuteria Isamar, derecha sentido terminal - metro', NULL, NULL, NULL, '2014-03-11 22:07:12'),
(134, 1, 'Miquilen', '', '', '', '', 'La Gioconda', 'Muebleria, Al lado de la tienda mascotin, derecha sentido terminal - metro', NULL, NULL, NULL, '2014-03-11 22:07:12'),
(135, 1, 'Miquilen', '', '', '', '', 'Zapateria Full Estilo', 'Frente al Banco Mercantil', NULL, NULL, NULL, '2014-03-11 22:07:12'),
(136, 1, 'Miquilen', '', '', '', '', 'Zapateria', 'Al lado de todo partes', NULL, NULL, NULL, '2014-03-11 22:07:13'),
(137, 1, 'Miquilen', '', '', '', '', '', 'Frente a la optica Reis', NULL, NULL, NULL, '2014-03-11 22:07:13'),
(138, 1, 'Miquilen', '', '', '', '', 'Tienda Fanny Gurt', '', NULL, NULL, NULL, '2014-03-11 22:07:13'),
(139, 1, 'Miquilen', '', '', '', '', 'Casihogar', 'Frente a Rivalcid', NULL, NULL, NULL, '2014-03-11 22:07:13'),
(140, 1, 'Miquilen', '', '', '', '', 'Inversiones Aldor', 'Diagonal Luz electrica', NULL, NULL, NULL, '2014-03-11 22:07:13'),
(141, 1, 'Miquilen', 'Calle miquilen cruze con carabobo', '', '', '', 'Gina Sport K.B.', 'Tienda de zapatos, derecha sentido terminal - metro', NULL, NULL, NULL, '2014-03-11 22:07:13'),
(142, 1, '', '', '', '', '', 'Centro de Comunicaciones', 'Despues del antiguo cine guacaipuro', NULL, NULL, NULL, '2014-03-11 22:07:13'),
(143, 1, 'Ribas', '', '', '', '', 'almacen Sam stan', '', NULL, NULL, NULL, '2014-03-11 22:07:14'),
(144, 1, '', '', '', '', '', 'Reparaciones Tv', '', NULL, NULL, NULL, '2014-03-11 22:07:14'),
(145, 1, 'Ribas', 'Entre Calle Ayacucho y Junin', '', '', '', 'Inversiones Harissa', 'Venta de uniformes escolares', NULL, NULL, NULL, '2014-03-11 22:07:14'),
(146, 1, 'Ribas', '', '', '', '', 'Comercial Arabito', 'Al lado del boulevar lamas', NULL, NULL, NULL, '2014-03-11 22:07:14'),
(147, 1, 'Hoyada', '', '', '', '', 'Restaurante Salamaleiku', 'Frente a las minitiendas la Hoyada', NULL, NULL, NULL, '2014-03-11 22:07:14'),
(148, 1, 'Hoyada', '', '', '', '', 'Local 27-b', 'Minitiendas La Hoyada', NULL, NULL, NULL, '2014-03-11 22:07:14'),
(149, 1, 'Hoyada', '', '', '', '', ' Local 30', 'Minitiendas La Hoyada', NULL, NULL, NULL, '2014-03-11 22:07:14'),
(150, 1, '', '', '', '', '', 'Minitiendas la Hoyada- Local 53-a', '', NULL, NULL, NULL, '2014-03-11 22:07:15'),
(151, 1, '', '', '', '', '', 'Zapateria', 'Frente a las minitiendas', NULL, NULL, NULL, '2014-03-11 22:07:15'),
(152, 1, 'Hoyada', '', '', '', '', 'Paseo Mirandino, Tienda Wrangler', '', NULL, NULL, NULL, '2014-03-11 22:07:15'),
(153, 1, 'Hoyada', '', '', '', '', 'Paseo Mirandino- Distribuidora Anway', '', NULL, NULL, NULL, '2014-03-11 22:07:15'),
(154, 1, 'Hoyada', '', '', '', '', 'Paseo Mirandino - Zapateria Creaciones Xtasis', '', NULL, NULL, NULL, '2014-03-11 22:07:15'),
(155, 1, 'Hoyada', '', '', '', '', 'Paseo Mirandino - Comercial Camaguan', '', NULL, NULL, NULL, '2014-03-11 22:07:15'),
(156, 1, 'Hoyada', '', '', '', '', 'Paseo Mirandino - Zapateria Kama', '', NULL, NULL, NULL, '2014-03-11 22:07:16'),
(157, 1, 'Hoyada', '', '', '', '', 'Paseo Mirandino- tienda de telefonos', 'diagonal a la farmacia', NULL, NULL, NULL, '2014-03-11 22:07:16'),
(158, 1, 'Hoyada', '', '', '', '', 'Paseo Mirandino- Inversiones Khama- Sport', '', NULL, NULL, NULL, '2014-03-11 22:07:16'),
(159, 1, 'Hoyada', '', '', '', '', 'Pasea Mirandino- comercial Lider de la Marca', '', NULL, NULL, NULL, '2014-03-11 22:07:16'),
(160, 1, 'Hoyada', '', '', '', '', 'CC Jorey - Joyeria y Tienda de Prendas', 'Frente a la Bomba del Savil', NULL, NULL, NULL, '2014-03-11 22:07:16'),
(161, 1, 'Bolivar', '', '', '', '', 'Centro clinico Profesional', 'Galeria bolivar', NULL, NULL, NULL, '2014-03-11 22:07:16'),
(162, 1, 'Bolivar', '', '', '', '', 'El mundo del Bebe', 'Diagonal al Banco bicentenario', NULL, NULL, NULL, '2014-03-11 22:07:16'),
(163, 1, 'Calle Guacaipuro', '', '', '', '', 'Creaciones Damasco', 'diagonal a la Catedral', NULL, NULL, NULL, '2014-03-11 22:07:17'),
(164, 1, 'Calle Guacaipuro', '', '', '', '', 'Comercial electronico', '', NULL, NULL, NULL, '2014-03-11 22:07:17'),
(165, 1, 'Calle Guacaipuro', '', '', '', '', 'Novedades Nacho', '', NULL, NULL, NULL, '2014-03-11 22:07:17'),
(166, 1, 'Calle Guacaipuro', '', '', '', '', 'Minitiendas de Ropa y tela', 'Entre peluqueria y Residencias Hermoso', NULL, NULL, NULL, '2014-03-11 22:07:17'),
(167, 1, 'Calle Guacaipuro', '', '', '', '', 'Restaurant Shawarma', 'Cuatro Esquinas', NULL, NULL, NULL, '2014-03-11 22:07:17'),
(168, 1, 'Recta de las minas de San Antonio', '', '', '', '', 'La Casona - Los Arabitos', '', NULL, NULL, NULL, '2014-03-11 22:07:17'),
(169, 1, 'Recta de las minas de San Antonio', '', '', '3', '', 'La Casona II - Centro Tibetano', '', NULL, NULL, NULL, '2014-03-11 22:07:17'),
(170, 1, 'Recta de las minas de San Antonio', '', '', 'PB', '', 'Casona II', '', NULL, NULL, NULL, '2014-03-11 22:07:18'),
(171, 1, 'Recta de las minas de San Antonio', '', '', '1', '', 'Casona II- Local de Ropa', 'Al lado de Goy', NULL, NULL, NULL, '2014-03-11 22:07:18'),
(172, 1, 'Recta de las minas de San Antonio', '', '', '3', '', 'Casona I - Feria de Comidas - Venta de Comida Arabe', '', NULL, NULL, NULL, '2014-03-11 22:07:18'),
(173, 1, 'Recta de las minas de San Antonio', '', '', '3', '', 'Casona I- tienda de Ropa', 'Al lado de Cabaña menu', NULL, NULL, NULL, '2014-03-11 22:07:18'),
(174, 1, 'Boyaca', '', '', '', '', 'Tienda Nutricosmos', 'frente al gran casino', NULL, NULL, NULL, '2014-03-11 22:07:18'),
(175, 1, 'Independencia', '', '', '', '', 'Mundo sport HA 2020 C.A.', '', NULL, NULL, NULL, '2014-03-11 22:07:18'),
(176, 1, 'Independencia', 'Avenida independencia con Miquilen', '', '', '', 'Tienda la Preciosa', '', NULL, NULL, NULL, '2014-03-11 22:07:19'),
(177, 1, 'Independencia', '', '', '', '', 'Tienda Neneboy', 'Centro', NULL, NULL, NULL, '2014-03-11 22:07:19'),
(178, 1, 'Independencia', '', '', '', '', 'Casa Leomar', 'CC Miranda', NULL, NULL, NULL, '2014-03-11 22:07:19'),
(179, 1, 'Ribas', '', '', '', '', 'Inversiones Elen May', 'Despues de Tequejumbo, Zapateria', NULL, NULL, NULL, '2014-03-11 22:07:19'),
(180, 1, 'Ribas', '', '', '', '', 'Inversiones Harba', '', NULL, NULL, NULL, '2014-03-11 22:07:19'),
(181, 1, 'Ribas', '', '', '', '', 'Almacenes JonStar C.A.', 'Tienda ovejita al lado de Movistar, venta de uniformes escolares', NULL, NULL, NULL, '2014-03-11 22:07:20'),
(182, 1, 'Ribas', '', '', '', '', 'Zapateria el Cedro', 'Frente al boulevar', NULL, NULL, NULL, '2014-03-11 22:07:20'),
(183, 1, 'Ribas', '', '', '', '', 'Zapateria Hanna', '', NULL, NULL, NULL, '2014-03-11 22:07:20'),
(184, 1, 'Ribas', '', '', '', '', 'Zapateria', 'Frente al antiguo cine guaicaipuro', NULL, NULL, NULL, '2014-03-11 22:07:20'),
(185, 1, 'Ribas', '', '', '', '', 'Inversiones Amir', 'Al lado de comercial chino, cerca de la merceria', NULL, NULL, NULL, '2014-03-11 22:07:20'),
(186, 1, 'Miquilen', '', '', '', '', 'Mueblería Corporación Nayef C.A.', 'Al lado del comercial JH20 Marah, derecha sentido terminal - metro', NULL, NULL, NULL, '2014-03-11 22:07:21'),
(187, 1, 'Miquilen', '', '', '', '', 'Comercial Salím 5000 C.A.', 'Mueblería, Hay dos locales juntos,derecha sentido terminal - metro', NULL, NULL, NULL, '2014-03-11 22:07:21'),
(188, 1, 'Miquilen', '', 'Repetto', 'PB', '', '', 'local sin nombre, entre agencia de loteria y ferreteria, derecha sentido terminal - metro', NULL, NULL, NULL, '2014-03-11 22:07:21'),
(189, 1, 'Miquilen', '', '', '', '', 'Comercial Yazzan 5000 C.A.', 'Venta de electrodomesticos, Al lado de distribuidora ning y feng, derecha sentido terminal - metro', NULL, NULL, NULL, '2014-03-11 22:07:21'),
(190, 1, 'Miquilen', '', '', '', '', 'Tienda Mascotin', 'Avicola, Al lado de zapateria total, derecha sentido terminal - metro', NULL, NULL, NULL, '2014-03-11 22:07:21'),
(191, 1, 'Miquilen', '', '', '', '', 'Zapateria Total II', 'Al lado de librería La tentadora, derecha sentido terminal - metro', NULL, NULL, NULL, '2014-03-11 22:07:21'),
(192, 1, 'Miquilen', '', '', '', '', 'La tienda del castillo', 'derecha sentido terminal - metro', NULL, NULL, NULL, '2014-03-11 22:07:22'),
(193, 1, 'Miquilen', '', '', '', '', 'La preciosa secret´s 2012 C.A.', 'Tienda de ropa, Al lado del salón del reino de la plaza guaicaipuro, derecha sentido terminal - metro', NULL, NULL, NULL, '2014-03-11 22:07:22'),
(194, 1, 'Miquilen', '', '', '', '', 'Tienda Levi´s', 'A una tienda de la rivalcid, frente a tejidos marbella, derecha sentido terminal - metro', NULL, NULL, NULL, '2014-03-11 22:07:22'),
(195, 1, 'Miquilen', '', '', '', '', 'El lider de la lenceria mayor y detal', 'Frente a Luz Eléctrica derecha sentido terminal - metro', NULL, NULL, NULL, '2014-03-11 22:07:22'),
(196, 1, 'Miquilen', '', '', '', '', 'Deportes Waston', 'izquierda sentido terminal - metro', NULL, NULL, NULL, '2014-03-11 22:07:22'),
(197, 1, 'Miquilen', '', '', '', '', '', 'Muebleria, Al lado de deportes Waston izquierda sentido terminal - metro', NULL, NULL, NULL, '2014-03-11 22:07:22'),
(198, 1, 'Miquilen', '', '', '', '', '', 'Muebleria y Tienda de Ropa Al lado de Deportes Waston izquierda sentido terminal - metro', NULL, NULL, NULL, '2014-03-11 22:07:23'),
(199, 1, 'Miquilen', '', '', '', '', 'Muebles Gran Poder', 'izquierda sentido terminal - metro', NULL, NULL, NULL, '2014-03-11 22:07:23'),
(200, 1, 'Miquilen', '', '', '', '', 'Comercial el Llano', 'Despues de Muebles Gran Poder, izquierda sentido terminal - metro', NULL, NULL, NULL, '2014-03-11 22:07:23'),
(201, 1, 'Miquilen', '', '', '', '', 'Comercial Salvador', 'Al frente de la nueva parada de Jeeps Palo Alto, izquierda sentido terminal - metro', NULL, NULL, NULL, '2014-03-11 22:07:23'),
(202, 1, 'Miquilen', '', '', '', '', 'Tiendas Cooper', 'Al lado Tv Estrella, izquierda sentido terminal - metro', NULL, NULL, NULL, '2014-03-11 22:07:23'),
(203, 1, 'Miquilen', '', '', '', '', 'Comercial Hermanos Madros', 'Al lado de optica Reis, antigua para de jeeps de palo alto, izquierda sentido terminal - metro', NULL, NULL, NULL, '2014-03-11 22:07:24'),
(204, 1, 'Miquilen', '', '', '', '', 'Zapateria Adixon', 'Al lado de Librería Porti-Ven, izquierda sentido terminal - metro', NULL, NULL, NULL, '2014-03-11 22:07:24'),
(205, 1, 'Miquilen', '', '', '', '', 'Zapateria Total I', 'izquierda sentido terminal - metro', NULL, NULL, NULL, '2014-03-11 22:07:24'),
(206, 1, 'Miquilen', '', '', '', '', 'Electrodomesticos CociHogar A.B.C', 'Altura Panaderia Roman, Al lado de la Tienda de Bisuteria China, izquierda sentido terminal - metro', NULL, NULL, NULL, '2014-03-11 22:07:24'),
(207, 1, 'Miquilen', '', '', '', '', 'Inversiones Amari C.A', 'Al lado de CosiHogar, izquierda sentido terminal - metro', NULL, NULL, NULL, '2014-03-11 22:07:24'),
(208, 1, 'Bermudez', '', '', '', '', 'Zapateria Marbella', 'derecho sentido terminal - metro', NULL, NULL, NULL, '2014-03-11 22:07:24'),
(209, 1, 'Bermudez', '', '', '', '', 'Kamidako', 'Al lado de lenceria Guaky 2007, derecho sentido terminal - metro', NULL, NULL, NULL, '2014-03-11 22:07:24'),
(210, 1, 'Bermudez', '', '', '', '', 'Wrangler', 'Cerca del Banco Mercantil, derecho sentido terminal - metro', NULL, NULL, NULL, '2014-03-11 22:07:25'),
(211, 1, 'Hoyada', '', '', '', '', 'Estrella de Sa', 'Al lado de la luz Electrica, izquierdo sentido terminal - metro', NULL, NULL, NULL, '2014-03-11 22:07:25'),
(212, 1, 'Hoyada', '', '', '', '', 'Alwasita', 'Al lado de la luz electrica, izquierdo sentido terminal - metro', NULL, NULL, NULL, '2014-03-11 22:07:25'),
(213, 1, 'Hoyada', '', '', '', '', 'Local 1-A', 'Minitiendas la Hoyada, Frente al Hermano Jose Sibri, izquierdo sentido terminal - metro', NULL, NULL, NULL, '2014-03-11 22:07:25'),
(214, 1, 'Hoyada', '', '', '', '', 'Local 40-B', 'Minitiendas la hoyada', NULL, NULL, NULL, '2014-03-11 22:07:25'),
(215, 1, 'Hoyada', '', '', '', '', 'Kamawat', 'Afuera del Paseo Mirandino', NULL, NULL, NULL, '2014-03-11 22:07:25'),
(216, 1, 'Hoyada', '', '', '', '', 'Distribuidora Amax', 'Afuera del Paseo Mirandino, Venta de Ropa', NULL, NULL, NULL, '2014-03-11 22:07:25'),
(217, 1, 'Hoyada', '', '', '', '', 'Local 34', 'Minitiendas la Hoyada, Primera Puerta', NULL, NULL, NULL, '2014-03-11 22:07:26'),
(218, 1, 'Bermudez', '', '', '', '', 'Merceria La Estrella', 'Al lado de la Bonanza, izquierdo sentido terminal - metro', NULL, NULL, NULL, '2014-03-11 22:07:26'),
(219, 1, 'Bermudez', '', '', '', '', 'Aldar Sport', 'Al lado de Merceria La Estrella, izquierdo sentido terminal - metro', NULL, NULL, NULL, '2014-03-11 22:07:26'),
(220, 1, 'Independencia', '', '', '', '', 'Mundo Sport', 'Esquina de Digitel, izquierdo sentido terminal - metro', NULL, NULL, NULL, '2014-03-11 22:07:26'),
(221, 1, 'Independencia', '', '', '', '', 'Leader Kids', 'Al lado de Farmalider', NULL, NULL, NULL, '2014-03-11 22:07:26'),
(222, 1, 'Independencia', '', '', '', '', 'Tienda Wrangler', 'Al lado de Leader Kids', NULL, NULL, NULL, '2014-03-11 22:07:26'),
(223, 1, 'Carabobo', '', '', '', '', 'Tienda Wrangler', 'Frente Antigua Parada Caracas Los Teques', NULL, NULL, NULL, '2014-03-11 22:07:27'),
(224, 1, 'Ribas', '', '', '', '', '', 'Zapateria', NULL, NULL, NULL, '2014-03-11 22:07:27'),
(225, 1, 'Ribas', '', '', '', '', '', 'Servicio técnico de TV', NULL, NULL, NULL, '2014-03-11 22:07:27'),
(226, 1, 'Ribas', '', '', '', '', 'Plasticos Sambrano', '', NULL, NULL, NULL, '2014-03-11 22:07:27'),
(227, 1, 'Ribas', '', '', 'PB', '', '', 'Sastreria, Al lado de óptica Optiven C.A. Galeria Bolivar', NULL, NULL, NULL, '2014-03-11 22:07:27'),
(228, 1, 'Ribas', '', '', '', '', 'Tienda Jorge Hermanos', 'Tienda ovejita', NULL, NULL, NULL, '2014-03-11 22:07:27'),
(229, 1, 'Ribas', '', '', '', '', 'Eve May', 'Zapateria', NULL, NULL, NULL, '2014-03-11 22:07:27'),
(230, 1, 'Francisco Ruso Ferrer', '', '', '2', '', 'Fundación estudios de danza Morisca', 'Escuela de danza árabe, Centro comercial Vasconia, al lado de Interzona, a dos locales de pizzeria', NULL, NULL, NULL, '2014-03-11 22:07:28'),
(231, 1, 'Francisco Ruso Ferrer', '', '', 'PB', '', 'Restaurant Chafet agwe', 'Comida libanes, Centro comercial Los Teques, frente al Banco BFC', NULL, NULL, NULL, '2014-03-11 22:07:28'),
(232, 1, 'Ninguna', 'No se', 'Edificio', '5', '17', '5', '', NULL, NULL, '2014-03-17 10:40:25', '2014-03-17 10:40:25'),
(233, 1, 'Ninguna', 'No se', 'Edificio', '5', '17', '5', '', NULL, NULL, '2014-03-17 10:40:29', '2014-03-17 10:40:29'),
(234, 1, 'Ninguna', 'No se', 'Edificio', '5', '17', '5', '', NULL, NULL, '2014-03-17 10:40:30', '2014-03-17 10:40:30'),
(235, 1, 'Ninguna', 'No se', 'Edificio', '5', '17', '5', '', NULL, NULL, '2014-03-17 10:40:30', '2014-03-17 10:40:30'),
(236, 1, 'Ninguna', 'No se', 'Edificio', '5', '17', '5', '', NULL, NULL, '2014-03-17 10:42:48', '2014-03-17 10:42:48'),
(237, 2, NULL, NULL, NULL, NULL, NULL, NULL, NULL, NULL, NULL, '2014-03-20 05:51:06', '2014-03-20 05:51:06'),
(238, 2, NULL, NULL, NULL, NULL, NULL, NULL, NULL, NULL, NULL, '2014-03-20 05:51:06', '2014-03-20 05:51:06'),
(239, 2, NULL, NULL, NULL, NULL, NULL, NULL, NULL, NULL, NULL, '2014-03-20 05:51:06', '2014-03-20 05:51:06'),
(240, 2, 'bella vista ', 'calle principal bella vista', 'urbanizacion Zai', 'apto 75', NULL, '2 casas de la bodega del gocho', NULL, NULL, NULL, '2014-03-20 05:51:06', '2014-03-20 05:51:06'),
(241, 4, NULL, NULL, NULL, NULL, NULL, NULL, NULL, NULL, NULL, '2014-03-20 05:51:06', '2014-03-20 05:51:06'),
(242, 5, NULL, NULL, NULL, NULL, NULL, NULL, NULL, NULL, NULL, '2014-03-20 05:51:06', '2014-03-20 05:51:06'),
(243, 6, NULL, NULL, NULL, NULL, NULL, NULL, NULL, NULL, NULL, '2014-03-20 05:51:06', '2014-03-20 05:51:06'),
(244, 2, NULL, NULL, NULL, NULL, NULL, NULL, NULL, NULL, NULL, '2014-03-20 05:51:06', '2014-03-20 05:51:06'),
(245, 2, NULL, NULL, NULL, NULL, NULL, NULL, NULL, NULL, NULL, '2014-03-20 05:51:06', '2014-03-20 05:51:06'),
(246, 2, NULL, NULL, NULL, NULL, NULL, NULL, NULL, NULL, NULL, '2014-03-20 05:51:06', '2014-03-20 05:51:06'),
(247, 2, NULL, NULL, NULL, NULL, NULL, NULL, NULL, NULL, NULL, '2014-03-20 05:51:06', '2014-03-20 05:51:06'),
(248, 7, NULL, NULL, NULL, NULL, NULL, NULL, NULL, NULL, NULL, '2014-03-20 05:51:06', '2014-03-20 05:51:06'),
(249, 2, NULL, NULL, NULL, NULL, NULL, NULL, NULL, NULL, NULL, '2014-03-20 05:51:06', '2014-03-20 05:51:06'),
(250, 2, NULL, NULL, NULL, NULL, NULL, NULL, NULL, NULL, NULL, '2014-03-20 05:51:06', '2014-03-20 05:51:06'),
(251, 7, NULL, NULL, NULL, NULL, NULL, NULL, NULL, NULL, NULL, '2014-03-20 05:51:06', '2014-03-20 05:51:06'),
(252, 7, NULL, NULL, NULL, NULL, NULL, NULL, NULL, NULL, NULL, '2014-03-20 05:51:06', '2014-03-20 05:51:06'),
(253, 3, NULL, NULL, NULL, NULL, NULL, NULL, NULL, NULL, NULL, '2014-03-20 05:51:06', '2014-03-20 05:51:06'),
(254, 8, NULL, NULL, NULL, NULL, NULL, NULL, NULL, NULL, NULL, '2014-03-20 05:51:06', '2014-03-20 05:51:06'),
(255, 9, NULL, NULL, NULL, NULL, NULL, NULL, NULL, NULL, NULL, '2014-03-20 05:51:06', '2014-03-20 05:51:06'),
(256, 10, NULL, NULL, NULL, NULL, NULL, NULL, NULL, NULL, NULL, '2014-03-20 05:51:06', '2014-03-20 05:51:06'),
(257, 11, NULL, NULL, NULL, NULL, NULL, NULL, NULL, NULL, NULL, '2014-03-20 05:51:06', '2014-03-20 05:51:06'),
(258, 12, NULL, NULL, NULL, NULL, NULL, NULL, NULL, NULL, NULL, '2014-03-20 05:51:06', '2014-03-20 05:51:06'),
(259, 12, NULL, NULL, NULL, NULL, NULL, NULL, NULL, NULL, NULL, '2014-03-20 05:51:06', '2014-03-20 05:51:06'),
(260, 13, NULL, NULL, NULL, NULL, NULL, NULL, NULL, NULL, NULL, '2014-03-20 05:51:06', '2014-03-20 05:51:06'),
(261, 14, NULL, NULL, NULL, NULL, NULL, NULL, NULL, NULL, NULL, '2014-03-20 05:51:06', '2014-03-20 05:51:06'),
(262, 15, NULL, NULL, NULL, NULL, NULL, NULL, NULL, NULL, NULL, '2014-03-20 05:51:06', '2014-03-20 05:51:06'),
(263, 15, NULL, NULL, NULL, NULL, NULL, NULL, NULL, NULL, NULL, '2014-03-20 05:51:06', '2014-03-20 05:51:06'),
(264, 16, NULL, NULL, NULL, NULL, NULL, NULL, NULL, NULL, NULL, '2014-03-20 05:51:06', '2014-03-20 05:51:06'),
(265, 17, NULL, NULL, NULL, NULL, NULL, NULL, NULL, NULL, NULL, '2014-03-20 05:51:06', '2014-03-20 05:51:06'),
(266, 18, NULL, NULL, NULL, NULL, NULL, NULL, NULL, NULL, NULL, '2014-03-20 05:51:06', '2014-03-20 05:51:06'),
(267, 13, NULL, NULL, NULL, NULL, NULL, NULL, NULL, NULL, NULL, '2014-03-20 05:51:06', '2014-03-20 05:51:06'),
(268, 11, NULL, NULL, NULL, NULL, NULL, NULL, NULL, NULL, NULL, '2014-03-20 05:51:06', '2014-03-20 05:51:06'),
(269, 19, NULL, NULL, NULL, NULL, NULL, NULL, NULL, NULL, NULL, '2014-03-20 05:51:06', '2014-03-20 05:51:06'),
(270, 12, NULL, NULL, NULL, NULL, NULL, NULL, NULL, NULL, NULL, '2014-03-20 05:51:06', '2014-03-20 05:51:06'),
(271, 20, NULL, NULL, NULL, NULL, NULL, NULL, NULL, NULL, NULL, '2014-03-20 05:51:06', '2014-03-20 05:51:06'),
(272, 20, NULL, NULL, NULL, NULL, NULL, NULL, NULL, NULL, NULL, '2014-03-20 05:51:06', '2014-03-20 05:51:06'),
(273, 10, NULL, NULL, NULL, NULL, NULL, NULL, NULL, NULL, NULL, '2014-03-20 05:51:06', '2014-03-20 05:51:06'),
(274, 20, NULL, NULL, NULL, NULL, NULL, NULL, NULL, NULL, NULL, '2014-03-20 05:51:06', '2014-03-20 05:51:06'),
(275, 20, NULL, NULL, NULL, NULL, NULL, NULL, NULL, NULL, NULL, '2014-03-20 05:51:06', '2014-03-20 05:51:06'),
(276, 20, NULL, NULL, NULL, NULL, NULL, NULL, NULL, NULL, NULL, '2014-03-20 05:51:06', '2014-03-20 05:51:06'),
(277, 9, NULL, NULL, NULL, NULL, NULL, NULL, NULL, NULL, NULL, '2014-03-20 05:51:06', '2014-03-20 05:51:06'),
(278, 21, NULL, NULL, NULL, NULL, NULL, NULL, NULL, NULL, NULL, '2014-03-20 05:51:06', '2014-03-20 05:51:06'),
(279, 21, NULL, NULL, NULL, NULL, NULL, NULL, NULL, NULL, NULL, '2014-03-20 05:51:06', '2014-03-20 05:51:06'),
(280, 12, NULL, NULL, NULL, NULL, NULL, NULL, NULL, NULL, NULL, '2014-03-20 05:51:06', '2014-03-20 05:51:06'),
(281, 22, NULL, NULL, NULL, NULL, NULL, NULL, NULL, NULL, NULL, '2014-03-20 05:51:06', '2014-03-20 05:51:06'),
(282, 11, NULL, NULL, NULL, NULL, NULL, NULL, NULL, NULL, NULL, '2014-03-20 05:51:06', '2014-03-20 05:51:06'),
(283, 22, NULL, NULL, NULL, NULL, NULL, NULL, NULL, NULL, NULL, '2014-03-20 05:51:06', '2014-03-20 05:51:06'),
(284, 15, NULL, NULL, NULL, NULL, NULL, NULL, NULL, NULL, NULL, '2014-03-20 05:51:06', '2014-03-20 05:51:06'),
(285, 21, NULL, NULL, NULL, NULL, NULL, NULL, NULL, NULL, NULL, '2014-03-20 05:51:06', '2014-03-20 05:51:06'),
(286, 12, NULL, NULL, NULL, NULL, NULL, NULL, NULL, NULL, NULL, '2014-03-20 05:51:06', '2014-03-20 05:51:06'),
(287, 12, NULL, NULL, NULL, NULL, NULL, NULL, NULL, NULL, NULL, '2014-03-20 05:51:06', '2014-03-20 05:51:06'),
(288, 21, NULL, NULL, NULL, NULL, NULL, NULL, NULL, NULL, NULL, '2014-03-20 05:51:06', '2014-03-20 05:51:06'),
(289, 23, NULL, NULL, NULL, NULL, NULL, NULL, NULL, NULL, NULL, '2014-03-20 05:51:06', '2014-03-20 05:51:06'),
(290, 11, NULL, NULL, NULL, NULL, NULL, NULL, NULL, NULL, NULL, '2014-03-20 05:51:06', '2014-03-20 05:51:06'),
(291, 17, NULL, NULL, NULL, NULL, NULL, NULL, NULL, NULL, NULL, '2014-03-20 05:51:06', '2014-03-20 05:51:06'),
(292, 12, NULL, NULL, NULL, NULL, NULL, NULL, NULL, NULL, NULL, '2014-03-20 05:51:06', '2014-03-20 05:51:06'),
(293, 21, NULL, NULL, NULL, NULL, NULL, NULL, NULL, NULL, NULL, '2014-03-20 05:51:06', '2014-03-20 05:51:06'),
(294, 20, NULL, NULL, NULL, NULL, NULL, NULL, NULL, NULL, NULL, '2014-03-20 05:51:06', '2014-03-20 05:51:06'),
(295, 11, NULL, NULL, NULL, NULL, NULL, NULL, NULL, NULL, NULL, '2014-03-20 05:51:06', '2014-03-20 05:51:06'),
(296, 11, NULL, NULL, NULL, NULL, NULL, NULL, NULL, NULL, NULL, '2014-03-20 05:51:06', '2014-03-20 05:51:06'),
(297, 21, NULL, NULL, NULL, NULL, NULL, NULL, NULL, NULL, NULL, '2014-03-20 05:51:06', '2014-03-20 05:51:06'),
(298, 21, NULL, NULL, NULL, NULL, NULL, NULL, NULL, NULL, NULL, '2014-03-20 05:51:06', '2014-03-20 05:51:06'),
(299, 24, NULL, NULL, NULL, NULL, NULL, NULL, NULL, NULL, NULL, '2014-03-20 05:51:06', '2014-03-20 05:51:06'),
(300, 13, NULL, NULL, NULL, NULL, NULL, NULL, NULL, NULL, NULL, '2014-03-20 05:51:06', '2014-03-20 05:51:06'),
(301, 13, NULL, NULL, NULL, NULL, NULL, NULL, NULL, NULL, NULL, '2014-03-20 05:51:06', '2014-03-20 05:51:06'),
(302, 16, NULL, NULL, NULL, NULL, NULL, NULL, NULL, NULL, NULL, '2014-03-20 05:51:06', '2014-03-20 05:51:06'),
(303, 11, NULL, NULL, NULL, NULL, NULL, NULL, NULL, NULL, NULL, '2014-03-20 05:51:06', '2014-03-20 05:51:06'),
(304, 22, NULL, NULL, NULL, NULL, NULL, NULL, NULL, NULL, NULL, '2014-03-20 05:51:06', '2014-03-20 05:51:06'),
(305, 25, NULL, NULL, NULL, NULL, NULL, NULL, NULL, NULL, NULL, '2014-03-20 05:51:06', '2014-03-20 05:51:06'),
(306, 25, NULL, NULL, NULL, NULL, NULL, NULL, NULL, NULL, NULL, '2014-03-20 05:51:06', '2014-03-20 05:51:06'),
(307, 21, NULL, NULL, NULL, NULL, NULL, NULL, NULL, NULL, NULL, '2014-03-20 05:51:06', '2014-03-20 05:51:06'),
(308, 21, NULL, NULL, NULL, NULL, NULL, NULL, NULL, NULL, NULL, '2014-03-20 05:51:06', '2014-03-20 05:51:06'),
(309, 8, NULL, NULL, NULL, NULL, NULL, NULL, NULL, NULL, NULL, '2014-03-20 05:51:06', '2014-03-20 05:51:06'),
(310, 26, NULL, NULL, NULL, NULL, NULL, NULL, NULL, NULL, NULL, '2014-03-20 05:51:06', '2014-03-20 05:51:06'),
(311, 9, NULL, NULL, NULL, NULL, NULL, NULL, NULL, NULL, NULL, '2014-03-20 05:51:06', '2014-03-20 05:51:06'),
(312, 13, NULL, NULL, NULL, NULL, NULL, NULL, NULL, NULL, NULL, '2014-03-20 05:51:06', '2014-03-20 05:51:06'),
(313, 12, NULL, NULL, NULL, NULL, NULL, NULL, NULL, NULL, NULL, '2014-03-20 05:51:06', '2014-03-20 05:51:06'),
(314, 12, NULL, NULL, NULL, NULL, NULL, NULL, NULL, NULL, NULL, '2014-03-20 05:51:06', '2014-03-20 05:51:06'),
(315, 1, NULL, NULL, NULL, NULL, NULL, NULL, NULL, NULL, NULL, '2014-03-20 05:51:06', '2014-03-20 05:51:06'),
(316, 1, NULL, NULL, NULL, NULL, NULL, NULL, NULL, NULL, NULL, '2014-03-20 05:51:06', '2014-03-20 05:51:06'),
(317, 27, NULL, NULL, NULL, NULL, NULL, NULL, NULL, NULL, NULL, '2014-03-20 05:51:06', '2014-03-20 05:51:06'),
(318, 1, NULL, NULL, NULL, NULL, NULL, NULL, NULL, NULL, NULL, '2014-03-20 05:51:06', '2014-03-20 05:51:06'),
(319, 28, NULL, NULL, NULL, NULL, NULL, NULL, NULL, NULL, NULL, '2014-03-20 05:51:06', '2014-03-20 05:51:06'),
(320, 29, NULL, NULL, NULL, NULL, NULL, NULL, NULL, NULL, NULL, '2014-03-20 05:51:06', '2014-03-20 05:51:06'),
(321, 30, NULL, NULL, NULL, NULL, NULL, NULL, NULL, NULL, NULL, '2014-03-20 05:51:06', '2014-03-20 05:51:06'),
(322, 1, NULL, NULL, NULL, NULL, NULL, NULL, NULL, NULL, NULL, '2014-03-20 05:51:06', '2014-03-20 05:51:06'),
(323, 31, NULL, NULL, NULL, NULL, NULL, NULL, NULL, NULL, NULL, '2014-03-20 05:51:06', '2014-03-20 05:51:06'),
(324, 32, NULL, NULL, NULL, NULL, NULL, NULL, NULL, NULL, NULL, '2014-03-20 05:51:06', '2014-03-20 05:51:06'),
(325, 1, NULL, NULL, NULL, NULL, NULL, NULL, NULL, NULL, NULL, '2014-03-20 05:51:06', '2014-03-20 05:51:06'),
(326, 1, NULL, NULL, NULL, NULL, NULL, NULL, NULL, NULL, NULL, '2014-03-20 05:51:06', '2014-03-20 05:51:06'),
(327, 28, NULL, NULL, NULL, NULL, NULL, NULL, NULL, NULL, NULL, '2014-03-20 05:51:06', '2014-03-20 05:51:06'),
(328, 28, NULL, NULL, NULL, NULL, NULL, NULL, NULL, NULL, NULL, '2014-03-20 05:51:06', '2014-03-20 05:51:06'),
(329, 33, NULL, NULL, NULL, NULL, NULL, NULL, NULL, NULL, NULL, '2014-03-20 05:51:06', '2014-03-20 05:51:06'),
(330, 33, NULL, NULL, NULL, NULL, NULL, NULL, NULL, NULL, NULL, '2014-03-20 05:51:06', '2014-03-20 05:51:06'),
(331, 28, NULL, NULL, NULL, NULL, NULL, NULL, NULL, NULL, NULL, '2014-03-20 05:51:06', '2014-03-20 05:51:06'),
(332, 28, NULL, NULL, NULL, NULL, NULL, NULL, NULL, NULL, NULL, '2014-03-20 05:51:06', '2014-03-20 05:51:06'),
(333, 34, NULL, NULL, NULL, NULL, NULL, NULL, NULL, NULL, NULL, '2014-03-20 05:51:06', '2014-03-20 05:51:06'),
(334, 35, NULL, NULL, NULL, NULL, NULL, NULL, NULL, NULL, NULL, '2014-03-20 05:51:06', '2014-03-20 05:51:06'),
(335, 1, NULL, NULL, NULL, NULL, NULL, NULL, NULL, NULL, NULL, '2014-03-20 05:51:06', '2014-03-20 05:51:06'),
(336, 1, NULL, NULL, NULL, NULL, NULL, NULL, NULL, NULL, NULL, '2014-03-20 05:51:06', '2014-03-20 05:51:06'),
(337, 36, NULL, NULL, NULL, NULL, NULL, NULL, NULL, NULL, NULL, '2014-03-20 05:51:06', '2014-03-20 05:51:06'),
(338, 30, NULL, NULL, NULL, NULL, NULL, NULL, NULL, NULL, NULL, '2014-03-20 05:51:06', '2014-03-20 05:51:06'),
(339, 37, NULL, NULL, NULL, NULL, NULL, NULL, NULL, NULL, NULL, '2014-03-20 05:51:06', '2014-03-20 05:51:06'),
(340, 28, NULL, NULL, NULL, NULL, NULL, NULL, NULL, NULL, NULL, '2014-03-20 05:51:06', '2014-03-20 05:51:06'),
(341, 38, NULL, NULL, NULL, NULL, NULL, NULL, NULL, NULL, NULL, '2014-03-20 05:51:06', '2014-03-20 05:51:06'),
(342, 1, NULL, NULL, NULL, NULL, NULL, NULL, NULL, NULL, NULL, '2014-03-20 05:51:06', '2014-03-20 05:51:06'),
(343, 32, NULL, NULL, NULL, NULL, NULL, NULL, NULL, NULL, NULL, '2014-03-20 05:51:06', '2014-03-20 05:51:06'),
(344, 28, NULL, NULL, NULL, NULL, NULL, NULL, NULL, NULL, NULL, '2014-03-20 05:51:06', '2014-03-20 05:51:06'),
(345, 1, NULL, NULL, NULL, NULL, NULL, NULL, NULL, NULL, NULL, '2014-03-20 05:51:06', '2014-03-20 05:51:06'),
(346, 1, NULL, NULL, NULL, NULL, NULL, NULL, NULL, NULL, NULL, '2014-03-20 05:51:06', '2014-03-20 05:51:06'),
(347, 28, NULL, NULL, NULL, NULL, NULL, NULL, NULL, NULL, NULL, '2014-03-20 05:51:06', '2014-03-20 05:51:06'),
(348, 1, NULL, NULL, NULL, NULL, NULL, NULL, NULL, NULL, NULL, '2014-03-20 05:51:06', '2014-03-20 05:51:06'),
(349, 38, NULL, NULL, NULL, NULL, NULL, NULL, NULL, NULL, NULL, '2014-03-20 05:51:06', '2014-03-20 05:51:06'),
(350, 38, NULL, NULL, NULL, NULL, NULL, NULL, NULL, NULL, NULL, '2014-03-20 05:51:06', '2014-03-20 05:51:06'),
(351, 38, NULL, NULL, NULL, NULL, NULL, NULL, NULL, NULL, NULL, '2014-03-20 05:51:06', '2014-03-20 05:51:06'),
(352, 28, NULL, NULL, NULL, NULL, NULL, NULL, NULL, NULL, NULL, '2014-03-20 05:51:06', '2014-03-20 05:51:06'),
(353, 28, NULL, NULL, NULL, NULL, NULL, NULL, NULL, NULL, NULL, '2014-03-20 05:51:06', '2014-03-20 05:51:06'),
(354, 28, NULL, NULL, NULL, NULL, NULL, NULL, NULL, NULL, NULL, '2014-03-20 05:51:06', '2014-03-20 05:51:06'),
(355, 28, NULL, NULL, NULL, NULL, NULL, NULL, NULL, NULL, NULL, '2014-03-20 05:51:06', '2014-03-20 05:51:06'),
(356, 39, NULL, NULL, NULL, NULL, NULL, NULL, NULL, NULL, NULL, '2014-03-20 05:51:06', '2014-03-20 05:51:06'),
(357, 28, NULL, NULL, NULL, NULL, NULL, NULL, NULL, NULL, NULL, '2014-03-20 05:51:06', '2014-03-20 05:51:06'),
(358, 1, NULL, NULL, NULL, NULL, NULL, NULL, NULL, NULL, NULL, '2014-03-20 05:51:06', '2014-03-20 05:51:06'),
(359, 1, NULL, NULL, NULL, NULL, NULL, NULL, NULL, NULL, NULL, '2014-03-20 05:51:06', '2014-03-20 05:51:06'),
(360, 28, NULL, NULL, NULL, NULL, NULL, NULL, NULL, NULL, NULL, '2014-03-20 05:51:06', '2014-03-20 05:51:06'),
(361, 40, NULL, NULL, NULL, NULL, NULL, NULL, NULL, NULL, NULL, '2014-03-20 05:51:06', '2014-03-20 05:51:06'),
(362, 41, NULL, NULL, NULL, NULL, NULL, NULL, NULL, NULL, NULL, '2014-03-20 05:51:06', '2014-03-20 05:51:06'),
(363, 42, NULL, NULL, NULL, NULL, NULL, NULL, NULL, NULL, NULL, '2014-03-20 05:51:06', '2014-03-20 05:51:06'),
(364, 43, NULL, NULL, NULL, NULL, NULL, NULL, NULL, NULL, NULL, '2014-03-20 05:51:06', '2014-03-20 05:51:06'),
(365, 32, NULL, NULL, NULL, NULL, NULL, NULL, NULL, NULL, NULL, '2014-03-20 05:51:06', '2014-03-20 05:51:06'),
(366, 1, NULL, NULL, NULL, NULL, NULL, NULL, NULL, NULL, NULL, '2014-03-20 05:51:06', '2014-03-20 05:51:06'),
(367, 1, NULL, NULL, NULL, NULL, NULL, NULL, NULL, NULL, NULL, '2014-03-20 05:51:06', '2014-03-20 05:51:06'),
(368, 28, NULL, NULL, NULL, NULL, NULL, NULL, NULL, NULL, NULL, '2014-03-20 05:51:06', '2014-03-20 05:51:06'),
(369, 28, NULL, NULL, NULL, NULL, NULL, NULL, NULL, NULL, NULL, '2014-03-20 05:51:06', '2014-03-20 05:51:06'),
(370, 28, NULL, NULL, NULL, NULL, NULL, NULL, NULL, NULL, NULL, '2014-03-20 05:51:06', '2014-03-20 05:51:06'),
(371, 1, NULL, NULL, NULL, NULL, NULL, NULL, NULL, NULL, NULL, '2014-03-20 05:51:06', '2014-03-20 05:51:06'),
(372, 28, NULL, NULL, NULL, NULL, NULL, NULL, NULL, NULL, NULL, '2014-03-20 05:51:06', '2014-03-20 05:51:06'),
(373, 44, NULL, NULL, NULL, NULL, NULL, NULL, NULL, NULL, NULL, '2014-03-20 05:51:06', '2014-03-20 05:51:06'),
(374, 45, NULL, NULL, NULL, NULL, NULL, NULL, NULL, NULL, NULL, '2014-03-20 05:51:06', '2014-03-20 05:51:06'),
(375, 1, NULL, NULL, NULL, NULL, NULL, NULL, NULL, NULL, NULL, '2014-03-20 05:51:06', '2014-03-20 05:51:06'),
(376, 46, NULL, NULL, NULL, NULL, NULL, NULL, NULL, NULL, NULL, '2014-03-20 05:51:06', '2014-03-20 05:51:06'),
(377, 28, NULL, NULL, NULL, NULL, NULL, NULL, NULL, NULL, NULL, '2014-03-20 05:51:06', '2014-03-20 05:51:06'),
(378, 28, NULL, NULL, NULL, NULL, NULL, NULL, NULL, NULL, NULL, '2014-03-20 05:51:06', '2014-03-20 05:51:06'),
(379, 28, NULL, NULL, NULL, NULL, NULL, NULL, NULL, NULL, NULL, '2014-03-20 05:51:06', '2014-03-20 05:51:06'),
(380, 28, NULL, NULL, NULL, NULL, NULL, NULL, NULL, NULL, NULL, '2014-03-20 05:51:06', '2014-03-20 05:51:06'),
(381, 28, NULL, NULL, NULL, NULL, NULL, NULL, NULL, NULL, NULL, '2014-03-20 05:51:06', '2014-03-20 05:51:06'),
(382, 47, NULL, NULL, NULL, NULL, NULL, NULL, NULL, NULL, NULL, '2014-03-20 05:51:06', '2014-03-20 05:51:06'),
(383, 1, NULL, NULL, NULL, NULL, NULL, NULL, NULL, NULL, NULL, '2014-03-20 05:51:06', '2014-03-20 05:51:06'),
(384, 48, NULL, NULL, NULL, NULL, NULL, NULL, NULL, NULL, NULL, '2014-03-20 05:51:06', '2014-03-20 05:51:06'),
(385, 1, NULL, NULL, NULL, NULL, NULL, NULL, NULL, NULL, NULL, '2014-03-20 05:51:06', '2014-03-20 05:51:06'),
(386, 1, NULL, NULL, NULL, NULL, NULL, NULL, NULL, NULL, NULL, '2014-03-20 05:51:06', '2014-03-20 05:51:06'),
(387, 1, NULL, NULL, NULL, NULL, NULL, NULL, NULL, NULL, NULL, '2014-03-20 05:51:06', '2014-03-20 05:51:06'),
(388, 1, NULL, NULL, NULL, NULL, NULL, NULL, NULL, NULL, NULL, '2014-03-20 05:51:06', '2014-03-20 05:51:06'),
(389, 1, NULL, NULL, NULL, NULL, NULL, NULL, NULL, NULL, NULL, '2014-03-20 05:51:06', '2014-03-20 05:51:06'),
(390, 49, NULL, NULL, NULL, NULL, NULL, NULL, NULL, NULL, NULL, '2014-03-20 05:51:06', '2014-03-20 05:51:06'),
(391, 1, 'calle Miquilen', 'entre Boulevard Bermudez y tienda de tela rivalcid', NULL, NULL, NULL, 'Comercial Zarifa Hermano 2040 c.a', NULL, NULL, NULL, '2014-03-20 05:51:06', '2014-03-20 05:51:06'),
(392, 1, 'calle Miquilen', ' cruze con carabobo', NULL, NULL, NULL, 'El Lides de la Lenceria', 'frente C.C Luz Electrica.', NULL, NULL, '2014-03-20 05:51:06', '2014-03-20 05:51:06'),
(393, 1, 'Av principal La hoyada', NULL, NULL, NULL, NULL, 'zapateria ', 'al lado de Panaderia Rosa de Guaicaipuro', NULL, NULL, '2014-03-20 05:51:06', '2014-03-20 05:51:06'),
(394, 1, 'Av principal La hoyada', NULL, NULL, NULL, NULL, 'Lenceria ', 'Al Lado Todo Ofertas', NULL, NULL, '2014-03-20 05:51:06', '2014-03-20 05:51:06'),
(395, 1, 'Bermudez', NULL, NULL, NULL, NULL, 'Merceria la estrella', 'Al lado de la Bonanza, izquierda sentido terminal metro', NULL, NULL, '2014-03-20 08:30:51', '2014-03-20 08:30:51'),
(396, 43, '', '', '', '', '', '', '', NULL, NULL, '2014-03-21 21:35:27', '2014-03-21 21:35:27'),
(397, 43, '', '', '', '', '', '', '', NULL, NULL, '2014-03-21 21:35:27', '2014-03-21 21:35:27');

-- 
-- Dumping data for table personas
--
INSERT INTO personas VALUES
(114, 1, 'Sra Delia', NULL, 'mujer', '', 'casa', 117, NULL, '2014-03-11 22:07:10', 114),
(115, 1, '', NULL, 'hombre', '', 'casa', 118, NULL, '2014-03-11 22:07:10', 115),
(116, 1, '', NULL, 'hombre', '', 'casa', 119, NULL, '2014-03-11 22:07:10', 116),
(117, 1, '', NULL, 'hombre', '', 'casa', 120, NULL, '2014-03-11 22:07:10', 117),
(118, 1, '', NULL, '', '', 'casa', 121, NULL, '2014-03-11 22:07:10', 118),
(119, 1, 'Sr Jocero', NULL, 'hombre', '', 'casa', 122, NULL, '2014-03-11 22:07:11', 119),
(120, 1, 'Sr Jose', NULL, 'hombre', '', 'casa', 123, NULL, '2014-03-11 22:07:11', 120),
(121, 1, '', NULL, 'hombre', '', 'casa', 124, NULL, '2014-03-11 22:07:11', 121),
(122, 1, 'Sr Mohamed', NULL, 'hombre', '', 'casa', 125, NULL, '2014-03-11 22:07:11', 122),
(123, 1, 'Marlene', NULL, 'mujer', '', 'casa', 126, NULL, '2014-03-11 22:07:11', 123),
(124, 1, 'Saul', NULL, 'hombre', '', 'casa', 127, NULL, '2014-03-11 22:07:11', 124),
(125, 1, 'Dixion', NULL, 'hombre', '', 'casa', 128, NULL, '2014-03-11 22:07:11', 125),
(126, 1, 'Naji', NULL, 'hombre', '', 'casa', 129, NULL, '2014-03-11 22:07:12', 126),
(127, 1, 'Antonio Hanna', NULL, 'hombre', '', 'casa', 130, NULL, '2014-03-11 22:07:12', 127),
(128, 1, 'Mustafa', NULL, 'hombre', '', 'casa', 131, NULL, '2014-03-11 22:07:12', 128),
(129, 1, 'Yazan', NULL, 'hombre', '', 'casa', 132, NULL, '2014-03-11 22:07:12', 129),
(130, 1, 'Jehad Jazan', NULL, 'hombre', '', 'casa', 133, NULL, '2014-03-11 22:07:12', 130),
(131, 1, '', NULL, 'hombre', '', 'casa', 134, NULL, '2014-03-11 22:07:12', 131),
(132, 1, '', NULL, 'hombre', '', 'casa', 135, NULL, '2014-03-11 22:07:12', 132),
(133, 1, 'Josue', NULL, 'hombre', '', 'casa', 136, NULL, '2014-03-11 22:07:13', 133),
(134, 1, 'Magdalena', NULL, 'mujer', 'Hija de Arabe', 'casa', 137, NULL, '2014-03-11 22:07:13', 134),
(135, 1, 'Fanny', NULL, 'mujer', '', 'casa', 138, NULL, '2014-03-11 22:07:13', 135),
(136, 1, 'Jorge', NULL, 'hombre', '', 'casa', 139, NULL, '2014-03-11 22:07:13', 136),
(137, 1, 'Tosty', NULL, 'hombre', '', 'casa', 140, NULL, '2014-03-11 22:07:13', 137),
(138, 1, 'Milar', NULL, 'hombre', '', 'casa', 141, NULL, '2014-03-11 22:07:13', 138),
(139, 1, '', NULL, '', '', 'casa', 142, NULL, '2014-03-11 22:07:13', 139),
(140, 1, '', NULL, '', '', 'casa', 143, NULL, '2014-03-11 22:07:14', 140),
(141, 1, '', NULL, 'hombre', '', 'casa', 144, NULL, '2014-03-11 22:07:14', 141),
(142, 1, '', NULL, '', '', 'casa', 145, NULL, '2014-03-11 22:07:14', 142),
(143, 1, 'Jihar', NULL, 'hombre', '', 'casa', 146, NULL, '2014-03-11 22:07:14', 143),
(144, 1, '', NULL, 'hombre', '', 'casa', 147, NULL, '2014-03-11 22:07:14', 144),
(145, 1, 'Mevehel', NULL, '', '', 'casa', 148, NULL, '2014-03-11 22:07:14', 145),
(146, 1, 'Luis', NULL, 'hombre', '', 'casa', 149, NULL, '2014-03-11 22:07:15', 146),
(147, 1, '', NULL, '', '', 'casa', 150, NULL, '2014-03-11 22:07:15', 147),
(148, 1, 'Joseph', NULL, 'hombre', '', 'casa', 151, NULL, '2014-03-11 22:07:15', 148),
(149, 1, 'Asa', NULL, 'hombre', '', 'casa', 152, NULL, '2014-03-11 22:07:15', 149),
(150, 1, 'Michell', NULL, 'hombre', '', 'casa', 153, NULL, '2014-03-11 22:07:15', 150),
(151, 1, 'Kamar', NULL, 'hombre', '', 'casa', 154, NULL, '2014-03-11 22:07:15', 151),
(152, 1, 'Jorge', NULL, 'hombre', '', 'casa', 155, NULL, '2014-03-11 22:07:15', 152),
(153, 1, '', NULL, '', '', 'casa', 156, NULL, '2014-03-11 22:07:16', 153),
(154, 1, 'Alejandro', NULL, 'hombre', '', 'casa', 157, NULL, '2014-03-11 22:07:16', 154),
(155, 1, '', NULL, '', '', 'casa', 158, NULL, '2014-03-11 22:07:16', 155),
(156, 1, 'Jason', NULL, '', '', 'casa', 159, NULL, '2014-03-11 22:07:16', 156),
(157, 1, '', NULL, 'mujer', '', 'casa', 160, NULL, '2014-03-11 22:07:16', 157),
(158, 1, 'Dr Nayen Dager', NULL, 'hombre', '', 'casa', 161, NULL, '2014-03-11 22:07:16', 158),
(159, 1, 'Yasmin', NULL, 'mujer', '', 'casa', 162, NULL, '2014-03-11 22:07:16', 159),
(160, 1, '', NULL, '', '', 'casa', 163, NULL, '2014-03-11 22:07:17', 160),
(161, 1, 'Miguel', NULL, 'hombre', '', 'casa', 164, NULL, '2014-03-11 22:07:17', 161),
(162, 1, 'Maria', NULL, 'mujer', '', 'casa', 165, NULL, '2014-03-11 22:07:17', 162),
(163, 1, 'Emma', NULL, 'mujer', '', 'casa', 166, NULL, '2014-03-11 22:07:17', 163),
(164, 1, 'Elias', NULL, 'hombre', '', 'casa', 167, NULL, '2014-03-11 22:07:17', 164),
(165, 1, 'Jose Ramon', NULL, 'hombre', '', 'casa', 168, NULL, '2014-03-11 22:07:17', 165),
(166, 1, '', NULL, 'hombre', '', 'casa', 169, NULL, '2014-03-11 22:07:18', 166),
(167, 1, '', NULL, 'mujer', '', 'casa', 170, NULL, '2014-03-11 22:07:18', 167),
(168, 1, '', NULL, 'hombre', '', 'casa', 171, NULL, '2014-03-11 22:07:18', 168),
(169, 1, '', NULL, 'hombre', '', 'casa', 172, NULL, '2014-03-11 22:07:18', 169),
(170, 1, 'Sabah', NULL, 'mujer', '', 'casa', 173, NULL, '2014-03-11 22:07:18', 170),
(171, 1, 'Jose Sleiman', NULL, 'hombre', '', 'casa', 174, NULL, '2014-03-11 22:07:18', 171),
(172, 1, 'Michell', NULL, 'hombre', '', 'casa', 175, NULL, '2014-03-11 22:07:18', 172),
(173, 1, '', NULL, '', '', 'casa', 176, NULL, '2014-03-11 22:07:19', 173),
(174, 1, '', NULL, '', '', 'casa', 177, NULL, '2014-03-11 22:07:19', 174),
(175, 1, '', NULL, '', '', 'casa', 178, NULL, '2014-03-11 22:07:19', 175),
(176, 1, 'Rober', NULL, 'hombre', '', 'casa', 179, NULL, '2014-03-11 22:07:19', 176),
(177, 1, '', NULL, 'hombre', '', 'casa', 180, NULL, '2014-03-11 22:07:19', 177),
(178, 1, '', NULL, 'hombre', '', 'casa', 181, NULL, '2014-03-11 22:07:20', 178),
(179, 1, 'Adele', NULL, 'mujer', '', 'casa', 182, NULL, '2014-03-11 22:07:20', 179),
(180, 1, '', NULL, 'hombre', '', 'casa', 183, NULL, '2014-03-11 22:07:20', 180),
(181, 1, 'Zayyel', NULL, 'hombre', '', 'casa', 184, NULL, '2014-03-11 22:07:20', 181),
(182, 1, '', NULL, 'hombre', '', 'casa', 185, NULL, '2014-03-11 22:07:20', 182),
(183, 1, '', NULL, 'hombre', '', 'casa', 186, NULL, '2014-03-11 22:07:21', 183),
(184, 1, '', NULL, '', '', 'casa', 187, NULL, '2014-03-11 22:07:21', 184),
(185, 1, '', NULL, '', '', 'casa', 188, NULL, '2014-03-11 22:07:21', 185),
(186, 1, '', NULL, 'hombre', '', 'casa', 189, NULL, '2014-03-11 22:07:21', 186),
(187, 1, '', NULL, 'hombre', '', 'casa', 190, NULL, '2014-03-11 22:07:21', 187),
(188, 1, '', NULL, '', '', 'casa', 191, NULL, '2014-03-11 22:07:21', 188),
(189, 1, '', NULL, '', '', 'casa', 192, NULL, '2014-03-11 22:07:22', 189),
(190, 1, '', NULL, '', '', 'casa', 193, NULL, '2014-03-11 22:07:22', 190),
(191, 1, '', NULL, 'hombre', '', 'casa', 194, NULL, '2014-03-11 22:07:22', 191),
(192, 1, '', NULL, '', '', 'casa', 195, NULL, '2014-03-11 22:07:22', 192),
(193, 1, '', NULL, 'hombre', '', 'casa', 196, NULL, '2014-03-11 22:07:22', 193),
(194, 1, '', NULL, 'hombre', '', 'casa', 197, NULL, '2014-03-11 22:07:22', 194),
(195, 1, '', NULL, 'hombre', '', 'casa', 198, NULL, '2014-03-11 22:07:23', 195),
(196, 1, 'Jose', NULL, 'hombre', '', 'casa', 199, NULL, '2014-03-11 22:07:23', 196),
(197, 1, '', NULL, 'hombre', '', 'casa', 200, NULL, '2014-03-11 22:07:23', 197),
(198, 1, '', NULL, 'hombre', '', 'casa', 201, NULL, '2014-03-11 22:07:23', 198),
(199, 1, '', NULL, 'hombre', '', 'casa', 202, NULL, '2014-03-11 22:07:23', 199),
(200, 1, '', NULL, 'hombre', '', 'casa', 203, NULL, '2014-03-11 22:07:24', 200),
(201, 1, '', NULL, 'hombre', '', 'casa', 204, NULL, '2014-03-11 22:07:24', 201),
(202, 1, '', NULL, 'hombre', '', 'casa', 205, NULL, '2014-03-11 22:07:24', 202),
(203, 1, '', NULL, 'hombre', '', 'casa', 206, NULL, '2014-03-11 22:07:24', 203),
(204, 1, '', NULL, 'hombre', '', 'casa', 207, NULL, '2014-03-11 22:07:24', 204),
(205, 1, 'Marbella', NULL, 'mujer', '', 'casa', 208, NULL, '2014-03-11 22:07:24', 205),
(206, 1, '', NULL, 'hombre', '', 'casa', 209, NULL, '2014-03-11 22:07:24', 206),
(207, 1, '', NULL, 'hombre', '', 'casa', 210, NULL, '2014-03-11 22:07:25', 207),
(208, 1, '', NULL, 'hombre', '', 'casa', 211, NULL, '2014-03-11 22:07:25', 208),
(209, 1, 'Cissa', NULL, 'hombre', '', 'casa', 212, NULL, '2014-03-11 22:07:25', 209),
(210, 1, 'Yassek', NULL, 'hombre', '', 'casa', 213, NULL, '2014-03-11 22:07:25', 210),
(211, 1, 'Simon', NULL, 'hombre', '', 'casa', 214, NULL, '2014-03-11 22:07:25', 211),
(212, 1, '', NULL, 'hombre', '', 'casa', 215, NULL, '2014-03-11 22:07:25', 212),
(213, 1, '', NULL, 'hombre', '', 'casa', 216, NULL, '2014-03-11 22:07:25', 213),
(214, 1, '', NULL, '', '', 'casa', 217, NULL, '2014-03-11 22:07:26', 214),
(215, 1, '', NULL, 'hombre', '', 'casa', 218, NULL, '2014-03-11 22:07:26', 215),
(216, 1, '', NULL, '', '', 'casa', 219, NULL, '2014-03-11 22:07:26', 216),
(217, 1, '', NULL, 'hombre', '', 'casa', 220, NULL, '2014-03-11 22:07:26', 217),
(218, 1, '', NULL, 'hombre', '', 'casa', 221, NULL, '2014-03-11 22:07:26', 218),
(219, 1, '', NULL, 'hombre', '', 'casa', 222, NULL, '2014-03-11 22:07:26', 219),
(220, 1, '', NULL, 'hombre', '', 'casa', 223, NULL, '2014-03-11 22:07:27', 220),
(221, 1, '', NULL, 'hombre', '', 'casa', 224, NULL, '2014-03-11 22:07:27', 221),
(222, 1, '', NULL, 'hombre', '', 'casa', 225, NULL, '2014-03-11 22:07:27', 222),
(223, 1, '', NULL, 'hombre', '', 'casa', 226, NULL, '2014-03-11 22:07:27', 223),
(224, 1, '', NULL, 'hombre', '', 'casa', 227, NULL, '2014-03-11 22:07:27', 224),
(225, 1, '', NULL, '', '', 'casa', 228, NULL, '2014-03-11 22:07:27', 225),
(226, 1, '', NULL, 'hombre', '', 'casa', 229, NULL, '2014-03-11 22:07:27', 226),
(227, 1, '', NULL, '', '', 'casa', 230, NULL, '2014-03-11 22:07:28', 227),
(228, 1, '', NULL, '', '', 'casa', 231, NULL, '2014-03-11 22:07:28', 228),
(234, 1, NULL, NULL, '', 'arabe', 'telefono', 237, '2014-03-20 05:17:10', '2014-03-20 05:17:10', 229),
(235, 1, NULL, 'Ahamad ', '', 'arabe', 'telefono', 238, '2014-03-20 05:17:10', '2014-03-20 05:17:10', 230),
(236, 1, NULL, 'Abdala', '', 'arabe', 'telefono', 239, '2014-03-20 05:17:10', '2014-03-20 05:17:10', 231),
(237, 1, NULL, 'Afvati', '', 'arabe', 'telefono', 240, '2014-03-20 05:17:10', '2014-03-20 05:17:10', 232),
(238, 1, NULL, 'Arabia', '', 'arabe', 'telefono', 241, '2014-03-20 05:17:10', '2014-03-20 05:17:10', 233),
(239, 1, NULL, 'Assad', '', 'arabe', 'telefono', 242, '2014-03-20 05:17:10', '2014-03-20 05:17:10', 234),
(240, 1, NULL, 'Assad', '', NULL, 'telefono', 243, '2014-03-20 05:17:10', '2014-03-20 05:17:10', 235),
(241, 1, NULL, 'Hanna', '', NULL, 'telefono', 244, '2014-03-20 05:17:10', '2014-03-20 05:17:10', 236),
(242, 1, NULL, 'Hanna', '', NULL, 'telefono', 245, '2014-03-20 05:17:10', '2014-03-20 05:17:10', 237),
(243, 1, NULL, 'Hanna', '', NULL, 'telefono', 246, '2014-03-20 05:17:10', '2014-03-20 05:17:10', 238),
(244, 1, NULL, 'Hanna', '', NULL, 'telefono', 247, '2014-03-20 05:17:10', '2014-03-20 05:17:10', 239),
(245, 1, NULL, 'Jordan', '', NULL, 'telefono', 248, '2014-03-20 05:17:10', '2014-03-20 05:17:10', 240),
(246, 1, NULL, 'Mohamad', '', NULL, 'telefono', 249, '2014-03-20 05:17:10', '2014-03-20 05:17:10', 241),
(247, 1, NULL, 'Nayar', '', NULL, 'telefono', 250, '2014-03-20 05:17:10', '2014-03-20 05:17:10', 242),
(248, 1, NULL, 'Soulayman', '', NULL, 'telefono', 251, '2014-03-20 05:17:10', '2014-03-20 05:17:10', 243),
(249, 1, NULL, 'Yammine', '', NULL, 'telefono', 252, '2014-03-20 05:17:10', '2014-03-20 05:17:10', 244),
(250, 1, NULL, 'Abdulah', '', NULL, 'telefono', 253, '2014-03-20 05:17:10', '2014-03-20 05:17:10', 245),
(251, 1, NULL, 'Waizani', '', NULL, 'telefono', 254, '2014-03-20 05:17:10', '2014-03-20 05:17:10', 246),
(252, 1, NULL, 'Abdul', '', NULL, 'telefono', 255, '2014-03-20 05:17:10', '2014-03-20 05:17:10', 247),
(253, 1, NULL, 'Ayoub', '', NULL, 'telefono', 256, '2014-03-20 05:17:10', '2014-03-20 05:17:10', 248),
(254, 1, NULL, 'Aza', '', NULL, 'telefono', 257, '2014-03-20 05:17:10', '2014-03-20 05:17:10', 249),
(255, 1, NULL, 'Del Turco', '', NULL, 'telefono', 258, '2014-03-20 05:17:10', '2014-03-20 05:17:10', 250),
(256, 1, NULL, 'Dib', '', NULL, 'telefono', 259, '2014-03-20 05:17:10', '2014-03-20 05:17:10', 251),
(257, 1, NULL, 'Dib', '', NULL, 'telefono', 260, '2014-03-20 05:17:10', '2014-03-20 05:17:10', 252),
(258, 1, NULL, 'Dibe', '', NULL, 'telefono', 261, '2014-03-20 05:17:10', '2014-03-20 05:17:10', 253),
(259, 1, NULL, 'Dibe', '', NULL, 'telefono', 262, '2014-03-20 05:17:10', '2014-03-20 05:17:10', 254),
(260, 1, NULL, 'Dibe', '', NULL, 'telefono', 263, '2014-03-20 05:17:10', '2014-03-20 05:17:10', 255),
(261, 1, NULL, 'El Ayoubi', '', NULL, 'telefono', 264, '2014-03-20 05:17:10', '2014-03-20 05:17:10', 256),
(262, 1, NULL, 'El Basset', '', NULL, 'telefono', 265, '2014-03-20 05:17:10', '2014-03-20 05:17:10', 257),
(263, 1, NULL, 'El Karet', '', NULL, 'telefono', 266, '2014-03-20 05:17:10', '2014-03-20 05:17:10', 258),
(264, 1, NULL, 'Farhat', '', NULL, 'telefono', 267, '2014-03-20 05:17:10', '2014-03-20 05:17:10', 259),
(265, 1, NULL, 'Jose', '', NULL, 'telefono', 268, '2014-03-20 05:17:10', '2014-03-20 05:17:10', 260),
(266, 1, NULL, 'Farhat', '', NULL, 'telefono', 269, '2014-03-20 05:17:10', '2014-03-20 05:17:10', 261),
(267, 1, NULL, 'Haar', '', NULL, 'telefono', 270, '2014-03-20 05:17:10', '2014-03-20 05:17:10', 262),
(268, 1, NULL, 'Haddad', '', NULL, 'telefono', 271, '2014-03-20 05:17:10', '2014-03-20 05:17:10', 263),
(269, 1, NULL, 'Haddad', '', NULL, 'telefono', 272, '2014-03-20 05:17:10', '2014-03-20 05:17:10', 264),
(270, 1, NULL, 'Haddad', '', NULL, 'telefono', 273, '2014-03-20 05:17:10', '2014-03-20 05:17:10', 265),
(271, 1, NULL, 'Haddad', '', NULL, 'telefono', 274, '2014-03-20 05:17:10', '2014-03-20 05:17:10', 266),
(272, 1, NULL, 'Haddad', '', NULL, 'telefono', 275, '2014-03-20 05:17:10', '2014-03-20 05:17:10', 267),
(273, 1, NULL, 'Haddad', '', NULL, 'telefono', 276, '2014-03-20 05:17:10', '2014-03-20 05:17:10', 268),
(274, 1, NULL, 'Hanania', '', NULL, 'telefono', 277, '2014-03-20 05:17:10', '2014-03-20 05:17:10', 269),
(275, 1, NULL, 'Homsi', '', NULL, 'telefono', 278, '2014-03-20 05:17:10', '2014-03-20 05:17:10', 270),
(276, 1, NULL, 'Homsi', '', NULL, 'telefono', 279, '2014-03-20 05:17:10', '2014-03-20 05:17:10', 271),
(277, 1, NULL, 'Jacir', '', NULL, 'telefono', 280, '2014-03-20 05:17:10', '2014-03-20 05:17:10', 272),
(278, 1, NULL, 'Kajayan', '', NULL, 'telefono', 281, '2014-03-20 05:17:10', '2014-03-20 05:17:10', 273),
(279, 1, NULL, 'Kajayan', '', NULL, 'telefono', 282, '2014-03-20 05:17:10', '2014-03-20 05:17:10', 274),
(280, 1, NULL, 'Karam', '', NULL, 'telefono', 283, '2014-03-20 05:17:10', '2014-03-20 05:17:10', 275),
(281, 1, NULL, 'Karam', '', NULL, 'telefono', 284, '2014-03-20 05:17:10', '2014-03-20 05:17:10', 276),
(282, 1, NULL, 'Kakadjian', '', NULL, 'telefono', 285, '2014-03-20 05:17:10', '2014-03-20 05:17:10', 277),
(283, 1, NULL, 'Lahoud', '', NULL, 'telefono', 286, '2014-03-20 05:17:10', '2014-03-20 05:17:10', 278),
(284, 1, NULL, 'Lalwani', '', NULL, 'telefono', 287, '2014-03-20 05:17:10', '2014-03-20 05:17:10', 279),
(285, 1, NULL, 'Lattuf', '', NULL, 'telefono', 288, '2014-03-20 05:17:10', '2014-03-20 05:17:10', 280),
(286, 1, NULL, 'Lattuf', '', NULL, 'telefono', 289, '2014-03-20 05:17:10', '2014-03-20 05:17:10', 281),
(287, 1, NULL, 'Represent Makki Mk Ca', '', NULL, 'telefono', 290, '2014-03-20 05:17:10', '2014-03-20 05:17:10', 282),
(288, 1, NULL, 'Makki ', '', NULL, 'telefono', 291, '2014-03-20 05:17:10', '2014-03-20 05:17:10', 283),
(289, 1, NULL, 'Makki', '', NULL, 'telefono', 292, '2014-03-20 05:17:10', '2014-03-20 05:17:10', 284),
(290, 1, NULL, 'Makki', '', NULL, 'telefono', 293, '2014-03-20 05:17:10', '2014-03-20 05:17:10', 285),
(291, 1, NULL, 'Makki', '', NULL, 'telefono', 294, '2014-03-20 05:17:10', '2014-03-20 05:17:10', 286),
(292, 1, NULL, 'Melul', '', NULL, 'telefono', 295, '2014-03-20 05:17:10', '2014-03-20 05:17:10', 287),
(293, 1, NULL, 'Mehr', '', NULL, 'telefono', 296, '2014-03-20 05:17:10', '2014-03-20 05:17:10', 288),
(294, 1, NULL, 'Mokund', '', NULL, 'telefono', 297, '2014-03-20 05:17:10', '2014-03-20 05:17:10', 289),
(295, 1, NULL, 'Mourad', '', NULL, 'telefono', 298, '2014-03-20 05:17:10', '2014-03-20 05:17:10', 300),
(296, 1, NULL, 'Myladiyil', '', NULL, 'telefono', 299, '2014-03-20 05:17:10', '2014-03-20 05:17:10', 301),
(297, 1, NULL, 'Nasr', '', NULL, 'telefono', 300, '2014-03-20 05:17:10', '2014-03-20 05:17:10', 302),
(298, 1, NULL, 'Njaim', '', NULL, 'telefono', 301, '2014-03-20 05:17:10', '2014-03-20 05:17:10', 303),
(299, 1, NULL, 'Rabbat', '', NULL, 'telefono', 302, '2014-03-20 05:17:10', '2014-03-20 05:17:10', 304),
(300, 1, NULL, 'Rabbath', '', NULL, 'telefono', 303, '2014-03-20 05:17:10', '2014-03-20 05:17:10', 305),
(301, 1, NULL, 'Sabin', '', NULL, 'telefono', 304, '2014-03-20 05:17:10', '2014-03-20 05:17:10', 306),
(302, 1, NULL, 'Sukkar', '', NULL, 'telefono', 305, '2014-03-20 05:17:10', '2014-03-20 05:17:10', 307),
(303, 1, NULL, 'Sukkar', '', NULL, 'telefono', 306, '2014-03-20 05:17:10', '2014-03-20 05:17:10', 308),
(304, 1, NULL, 'Sultan', '', NULL, 'telefono', 307, '2014-03-20 05:17:10', '2014-03-20 05:17:10', 309),
(305, 1, NULL, 'Taouil', '', NULL, 'telefono', 308, '2014-03-20 05:17:10', '2014-03-20 05:17:10', 310),
(306, 1, NULL, 'Waizani', '', NULL, 'telefono', 309, '2014-03-20 05:17:10', '2014-03-20 05:17:10', 311),
(307, 1, NULL, 'Yammine', '', NULL, 'telefono', 310, '2014-03-20 05:17:10', '2014-03-20 05:17:10', 312),
(308, 1, NULL, 'Yurme', '', NULL, 'telefono', 311, '2014-03-20 05:17:10', '2014-03-20 05:17:10', 313),
(309, 1, NULL, 'Zakhoqur', '', NULL, 'telefono', 312, '2014-03-20 05:17:10', '2014-03-20 05:17:10', 314),
(310, 1, NULL, 'Zakia', '', NULL, 'telefono', 313, '2014-03-20 05:17:10', '2014-03-20 05:17:10', 315),
(311, 1, NULL, 'Zarifi', '', NULL, 'telefono', 314, '2014-03-20 05:17:10', '2014-03-20 05:17:10', 316),
(312, 1, NULL, 'Abi Harb', '', NULL, 'telefono', 315, '2014-03-20 05:17:10', '2014-03-20 05:17:10', 317),
(313, 1, NULL, 'Abdel,', '', NULL, 'telefono', 316, '2014-03-20 05:17:10', '2014-03-20 05:17:10', 318),
(314, 1, NULL, 'Al Mehtar', '', NULL, 'telefono', 317, '2014-03-20 05:17:10', '2014-03-20 05:17:10', 319),
(315, 1, NULL, 'Algieri', '', NULL, 'telefono', 318, '2014-03-20 05:17:10', '2014-03-20 05:17:10', 320),
(316, 1, NULL, 'Assad', '', NULL, 'telefono', 319, '2014-03-20 05:17:10', '2014-03-20 05:17:10', 321),
(317, 1, NULL, 'Ayoub', '', NULL, 'telefono', 320, '2014-03-20 05:17:10', '2014-03-20 05:17:10', 322),
(318, 1, NULL, 'Aziz', '', NULL, 'telefono', 321, '2014-03-20 05:17:10', '2014-03-20 05:17:10', 323),
(319, 1, NULL, 'Barakat,', '', NULL, 'telefono', 322, '2014-03-20 05:17:10', '2014-03-20 05:17:10', 324),
(320, 1, NULL, 'Dib', '', NULL, 'telefono', 323, '2014-03-20 05:17:10', '2014-03-20 05:17:10', 325),
(321, 1, NULL, 'El Khaouli', '', NULL, 'telefono', 324, '2014-03-20 05:17:10', '2014-03-20 05:17:10', 326),
(322, 1, NULL, 'El Khaouli', '', NULL, 'telefono', 325, '2014-03-20 05:17:10', '2014-03-20 05:17:10', 327),
(323, 1, NULL, 'El Zakhem', '', NULL, 'telefono', 326, '2014-03-20 05:17:10', '2014-03-20 05:17:10', 328),
(324, 1, NULL, 'Homsani', '', NULL, 'telefono', 327, '2014-03-20 05:17:10', '2014-03-20 05:17:10', 329),
(325, 1, NULL, 'Homsani', '', NULL, 'telefono', 328, '2014-03-20 05:17:10', '2014-03-20 05:17:10', 330),
(326, 1, NULL, 'Hajari', '', NULL, 'telefono', 329, '2014-03-20 05:17:10', '2014-03-20 05:17:10', 331),
(327, 1, NULL, 'Hajari', '', NULL, 'telefono', 330, '2014-03-20 05:17:10', '2014-03-20 05:17:10', 332),
(328, 1, NULL, 'Hanna', '', NULL, 'telefono', 331, '2014-03-20 05:17:10', '2014-03-20 05:17:10', 333),
(329, 1, NULL, 'Hanna', '', NULL, 'telefono', 332, '2014-03-20 05:17:10', '2014-03-20 05:17:10', 334),
(330, 1, NULL, 'Zapatería Hanna Srl', '', NULL, 'telefono', 333, '2014-03-20 05:17:10', '2014-03-20 05:17:10', 335),
(331, 1, NULL, 'Hanna', '', NULL, 'telefono', 334, '2014-03-20 05:17:10', '2014-03-20 05:17:10', 336),
(332, 1, NULL, 'Homsany', '', NULL, 'telefono', 335, '2014-03-20 05:17:10', '2014-03-20 05:17:10', 337),
(333, 1, NULL, 'Makhoul', '', NULL, 'telefono', 336, '2014-03-20 05:17:10', '2014-03-20 05:17:10', 338),
(334, 1, NULL, 'Jordan', '', NULL, 'telefono', 337, '2014-03-20 05:17:10', '2014-03-20 05:17:10', 339),
(335, 1, NULL, 'Jaraba', '', NULL, 'telefono', 338, '2014-03-20 05:17:10', '2014-03-20 05:17:10', 340),
(336, 1, NULL, 'Kalaf', '', NULL, 'telefono', 339, '2014-03-20 05:17:10', '2014-03-20 05:17:10', 341),
(337, 1, NULL, 'Kaltajian', '', NULL, 'telefono', 340, '2014-03-20 05:17:10', '2014-03-20 05:17:10', 342),
(338, 1, NULL, 'Mamat', '', NULL, 'telefono', 341, '2014-03-20 05:17:10', '2014-03-20 05:17:10', 343),
(339, 1, NULL, 'Mohammed', '', NULL, 'telefono', 342, '2014-03-20 05:17:10', '2014-03-20 05:17:10', 344),
(340, 1, NULL, 'Misri', '', NULL, 'telefono', 343, '2014-03-20 05:17:10', '2014-03-20 05:17:10', 345),
(341, 1, NULL, 'Moujalli', '', NULL, 'telefono', 344, '2014-03-20 05:17:10', '2014-03-20 05:17:10', 346),
(342, 1, NULL, 'Moussa', '', NULL, 'telefono', 345, '2014-03-20 05:17:10', '2014-03-20 05:17:10', 347),
(343, 1, NULL, 'Moussa', '', NULL, 'telefono', 346, '2014-03-20 05:17:10', '2014-03-20 05:17:10', 348),
(344, 1, NULL, 'Moubayed', '', NULL, 'telefono', 347, '2014-03-20 05:17:10', '2014-03-20 05:17:10', 349),
(345, 1, NULL, 'Mustafa', '', NULL, 'telefono', 348, '2014-03-20 05:17:10', '2014-03-20 05:17:10', 350),
(346, 1, NULL, 'Naumann', '', NULL, 'telefono', 349, '2014-03-20 05:17:10', '2014-03-20 05:17:10', 351),
(347, 1, NULL, 'Naumann', '', NULL, 'telefono', 350, '2014-03-20 05:17:10', '2014-03-20 05:17:10', 352),
(348, 1, NULL, 'Naumann', '', NULL, 'telefono', 351, '2014-03-20 05:17:10', '2014-03-20 05:17:10', 353),
(349, 1, NULL, 'Nahit', '', NULL, 'telefono', 352, '2014-03-20 05:17:10', '2014-03-20 05:17:10', 354),
(350, 1, NULL, 'Najn', '', NULL, 'telefono', 353, '2014-03-20 05:17:10', '2014-03-20 05:17:10', 355),
(351, 1, NULL, 'Rabbath', '', NULL, 'telefono', 354, '2014-03-20 05:17:10', '2014-03-20 05:17:10', 356),
(352, 1, NULL, 'Rabbath', '', NULL, 'telefono', 355, '2014-03-20 05:17:10', '2014-03-20 05:17:10', 357),
(353, 1, NULL, 'Rabbath', '', NULL, 'telefono', 356, '2014-03-20 05:17:10', '2014-03-20 05:17:10', 358),
(354, 1, NULL, 'Rabbath', '', NULL, 'telefono', 357, '2014-03-20 05:17:10', '2014-03-20 05:17:10', 359),
(355, 1, NULL, 'Rabbath', '', NULL, 'telefono', 358, '2014-03-20 05:17:10', '2014-03-20 05:17:10', 360),
(356, 1, NULL, 'Rabbath', '', NULL, 'telefono', 359, '2014-03-20 05:17:10', '2014-03-20 05:17:10', 361),
(357, 1, NULL, 'Rabbat', '', NULL, 'telefono', 360, '2014-03-20 05:17:10', '2014-03-20 05:17:10', 362),
(358, 1, NULL, 'Saade', '', NULL, 'telefono', 361, '2014-03-20 05:17:10', '2014-03-20 05:17:10', 363),
(359, 1, NULL, 'Salameth', '', NULL, 'telefono', 362, '2014-03-20 05:17:10', '2014-03-20 05:17:10', 364),
(360, 1, NULL, 'Saab', '', NULL, 'telefono', 363, '2014-03-20 05:17:10', '2014-03-20 05:17:10', 365),
(361, 1, NULL, 'Saleh', '', NULL, 'telefono', 364, '2014-03-20 05:17:10', '2014-03-20 05:17:10', 366),
(362, 1, NULL, 'El Khaoul', '', NULL, 'telefono', 365, '2014-03-20 05:17:10', '2014-03-20 05:17:10', 367),
(363, 1, NULL, 'Sayed', '', NULL, 'telefono', 366, '2014-03-20 05:17:10', '2014-03-20 05:17:10', 368),
(364, 1, NULL, 'Yacoub', '', NULL, 'telefono', 367, '2014-03-20 05:17:10', '2014-03-20 05:17:10', 369),
(365, 1, NULL, 'Kaltajian', '', NULL, 'telefono', 368, '2014-03-20 05:17:10', '2014-03-20 05:17:10', 370),
(366, 1, NULL, 'Sarkis', '', NULL, 'telefono', 369, '2014-03-20 05:17:10', '2014-03-20 05:17:10', 371),
(367, 1, NULL, 'Najn', '', NULL, 'telefono', 370, '2014-03-20 05:17:10', '2014-03-20 05:17:10', 372),
(368, 1, NULL, 'Hovsepian', '', NULL, 'telefono', 371, '2014-03-20 05:17:10', '2014-03-20 05:17:10', 373),
(369, 1, NULL, 'Silah', '', NULL, 'telefono', 372, '2014-03-20 05:17:10', '2014-03-20 05:17:10', 374),
(370, 1, NULL, 'Tafur', '', NULL, 'telefono', 373, '2014-03-20 05:17:10', '2014-03-20 05:17:10', 375),
(371, 1, NULL, 'Taha', '', NULL, 'telefono', 374, '2014-03-20 05:17:10', '2014-03-20 05:17:10', 376),
(372, 1, NULL, 'Tahhan', '', NULL, 'telefono', 375, '2014-03-20 05:17:10', '2014-03-20 05:17:10', 377),
(373, 1, NULL, 'Tunzi', '', NULL, 'telefono', 376, '2014-03-20 05:17:10', '2014-03-20 05:17:10', 378),
(374, 1, NULL, 'Yaghi', '', NULL, 'telefono', 377, '2014-03-20 05:17:10', '2014-03-20 05:17:10', 379),
(375, 1, NULL, 'Moujalli', '', NULL, 'telefono', 378, '2014-03-20 05:17:10', '2014-03-20 05:17:10', 380),
(376, 1, NULL, 'Youssef', '', NULL, 'telefono', 379, '2014-03-20 05:17:10', '2014-03-20 05:17:10', 381),
(377, 1, NULL, 'Sallorin', '', NULL, 'telefono', 380, '2014-03-20 05:17:10', '2014-03-20 05:17:10', 382),
(378, 1, NULL, 'Youssef', '', NULL, 'telefono', 381, '2014-03-20 05:17:10', '2014-03-20 05:17:10', 383),
(379, 1, NULL, 'Chamakian', '', NULL, 'telefono', 382, '2014-03-20 05:17:10', '2014-03-20 05:17:10', 384),
(380, 1, NULL, 'Yacoub', '', NULL, 'telefono', 383, '2014-03-20 05:17:10', '2014-03-20 05:17:10', 385),
(381, 1, NULL, 'Youseef', '', NULL, 'telefono', 384, '2014-03-20 05:17:10', '2014-03-20 05:17:10', 386),
(382, 1, NULL, 'Yusuf', '', NULL, 'telefono', 385, '2014-03-20 05:17:10', '2014-03-20 05:17:10', 387),
(383, 1, NULL, 'Zarifeh', '', NULL, 'telefono', 386, '2014-03-20 05:17:10', '2014-03-20 05:17:10', 388),
(384, 1, NULL, 'Zarifeh', '', NULL, 'telefono', 387, '2014-03-20 05:17:10', '2014-03-20 05:17:10', 389),
(385, 1, NULL, 'Zayadith', '', NULL, 'telefono', 388, '2014-03-20 05:17:10', '2014-03-20 05:17:10', 390),
(386, 1, NULL, 'Zarifi', '', NULL, 'telefono', 389, '2014-03-20 05:17:10', '2014-03-20 05:17:10', 391),
(387, 1, NULL, 'Zarifi', '', NULL, 'telefono', 390, '2014-03-20 05:17:10', '2014-03-20 05:17:10', 392),
(388, 1, 'romel', NULL, 'hombre', NULL, 'casa', 391, '2014-03-20 05:17:10', '2014-03-20 05:17:10', 393),
(389, 1, NULL, NULL, 'hombre', NULL, 'casa', 392, '2014-03-20 05:17:10', '2014-03-20 05:17:10', 394),
(390, 1, NULL, NULL, 'hombre', NULL, 'casa', 393, '2014-03-20 05:17:10', '2014-03-20 05:17:10', 395),
(391, 1, NULL, NULL, 'hombre', NULL, 'casa', 394, '2014-03-20 05:17:10', '2014-03-20 05:17:10', 396),
(392, 1, 'Fernando', 'Sohar', 'hombre', NULL, '', 395, '2014-03-20 08:32:39', '2014-03-20 08:32:39', NULL),
(393, 1, '', '', '', '', '', 396, '2014-03-21 21:35:27', '2014-03-21 21:35:27', NULL),
(394, 1, '', '', '', '', '', 397, '2014-03-21 21:35:27', '2014-03-21 21:35:27', NULL);

-- 
-- Dumping data for table publicadores
--
INSERT INTO publicadores VALUES
(1, 'José', 'Toro', 'toronacii@gmail.com', '2006-07-22', 1, NULL, '2014-03-09 08:06:46', '2014-03-09 08:06:46', 1),
(2, 'Amalia', 'de Fernandez', NULL, '0000-00-00', 1, NULL, '2014-03-10 22:23:11', '2014-03-10 22:23:11', 2),
(3, 'Angel', 'Avilán', NULL, '0000-00-00', NULL, NULL, '2014-03-10 22:23:11', '2014-03-10 22:23:11', 3),
(31, 'Anthony', 'Fuentes', NULL, '2011-01-01', 5, NULL, '2014-03-10 22:34:33', '2014-03-10 22:34:33', 31),
(32, 'Aura', 'Ochoa', NULL, '0000-00-00', 3, NULL, '2014-03-10 22:34:33', '2014-03-10 22:34:33', 32),
(33, 'Beatriz', 'de Pérez', NULL, '1970-02-23', 3, NULL, '2014-03-10 22:34:33', '2014-03-10 22:34:33', 33),
(34, 'Liliana', 'Herrera', NULL, '2006-08-20', 5, NULL, '2014-03-10 22:34:33', '2014-03-10 22:34:33', 34),
(35, 'Mery', 'de Vicent', NULL, '1982-05-15', 3, NULL, '2014-03-10 22:34:33', '2014-03-10 22:34:33', 35),
(36, 'Nazaret', 'Rangel de Toro', 'samaht15@gmail.com', '0000-00-00', 1, NULL, '2014-03-10 22:34:33', '2014-03-10 22:34:33', 36),
(37, 'Noemi', 'de Acosta', NULL, '1998-07-27', 2, NULL, '2014-03-10 22:34:33', '2014-03-10 22:34:33', 37),
(38, 'Oneida', 'Suarez', NULL, '0000-00-00', 1, NULL, '2014-03-10 22:34:33', '2014-03-10 22:34:33', 38),
(39, 'Ruth', 'de Castillo', 'bellacatira2002_2@hotmail.com', '0000-00-00', 1, NULL, '2014-03-10 22:34:33', '2014-03-10 22:34:33', 39),
(40, 'Abisaac  ', 'Seijas', NULL, '0000-00-00', NULL, NULL, NULL, '2014-03-19 23:06:56', 40),
(41, 'Adrian ', 'Castillo', 'castilloadrian_1@hotmail.com', '2003-08-02', NULL, NULL, NULL, '2014-03-19 23:06:56', 41),
(42, 'Alberto ', 'del castillo', NULL, '0000-00-00', NULL, NULL, NULL, '2014-03-19 23:06:56', 42),
(43, 'Sarahi ', 'Quintero', NULL, '0000-00-00', NULL, NULL, NULL, '2014-03-19 23:06:56', 43),
(44, 'Angi ', 'Requena', 'anyelin5555@hotmail.com', '0000-00-00', NULL, NULL, NULL, '2014-03-19 23:06:56', 44),
(45, 'Jesus', 'Quintero', NULL, '0000-00-00', NULL, NULL, NULL, '2014-03-19 23:06:56', 45),
(46, 'Yenny ', 'Devia', NULL, '0000-00-00', NULL, NULL, '2014-03-20 08:37:40', '2014-03-19 23:06:56', 46),
(47, 'Betzabeth ', 'Pérez', NULL, '2009-08-15', NULL, NULL, NULL, '2014-03-19 23:06:56', 47),
(48, 'María ', 'Ochoa', NULL, '2007-08-26', NULL, NULL, NULL, '2014-03-19 23:06:56', 48),
(49, 'Marleni ', 'Martínez', NULL, '0000-00-00', NULL, NULL, NULL, '2014-03-19 23:06:56', 49),
(50, 'Maryelin ', 'Catire', NULL, '1996-08-02', NULL, NULL, NULL, '2014-03-19 23:06:56', 50),
(51, 'Olga ', 'Rivas', NULL, '0000-00-00', NULL, NULL, NULL, '2014-03-19 23:06:56', 51),
(52, 'Antonio ', 'Quintero', NULL, '0000-00-00', NULL, NULL, NULL, '2014-03-19 23:06:56', 52),
(53, 'Virginia', 'de Quintero', NULL, '0000-00-00', NULL, NULL, NULL, '2014-03-19 23:06:56', 53),
(54, 'Raimiller', '', NULL, '0000-00-00', NULL, NULL, NULL, '2014-03-20 08:37:38', NULL);

-- 
-- Dumping data for table telefonos
--
INSERT INTO telefonos VALUES
(5, '3648935', 161, NULL, NULL, '2014-03-11 22:07:17'),
(6, '2147483647', 165, NULL, NULL, '2014-03-11 22:07:17'),
(7, '3223209', 171, NULL, NULL, '2014-03-11 22:07:18'),
(8, '2123232614', 223, NULL, NULL, '2014-03-11 22:07:27'),
(9, '2123832116', 234, NULL, '2014-03-20 05:59:30', '2014-03-20 05:59:30'),
(10, '2123835283', 235, NULL, '2014-03-20 05:59:30', '2014-03-20 05:59:30'),
(11, '2123839160', 236, NULL, '2014-03-20 05:59:30', '2014-03-20 05:59:30'),
(12, '2123839003', 237, NULL, '2014-03-20 05:59:30', '2014-03-20 05:59:30'),
(13, '2123836032', 238, NULL, '2014-03-20 05:59:30', '2014-03-20 05:59:30'),
(14, '2123837713', 239, NULL, '2014-03-20 05:59:30', '2014-03-20 05:59:30'),
(15, '2123839345', 240, NULL, '2014-03-20 05:59:30', '2014-03-20 05:59:30'),
(16, '2123832760', 241, NULL, '2014-03-20 05:59:30', '2014-03-20 05:59:30'),
(17, '2123830183', 242, NULL, '2014-03-20 05:59:30', '2014-03-20 05:59:30'),
(18, '2123830525', 243, NULL, '2014-03-20 05:59:30', '2014-03-20 05:59:30'),
(19, '2123838609', 244, NULL, '2014-03-20 05:59:30', '2014-03-20 05:59:30'),
(20, '2123833880', 245, NULL, '2014-03-20 05:59:30', '2014-03-20 05:59:30'),
(21, '2123838474', 246, NULL, '2014-03-20 05:59:30', '2014-03-20 05:59:30'),
(22, '2123832241', 247, NULL, '2014-03-20 05:59:30', '2014-03-20 05:59:30'),
(23, '2123830240', 248, NULL, '2014-03-20 05:59:30', '2014-03-20 05:59:30'),
(24, '2123838917', 249, NULL, '2014-03-20 05:59:30', '2014-03-20 05:59:30'),
(25, '2123721198', 250, NULL, '2014-03-20 05:59:30', '2014-03-20 05:59:30'),
(26, '2123730483', 251, NULL, '2014-03-20 05:59:30', '2014-03-20 05:59:30'),
(27, '2123712467', 252, NULL, '2014-03-20 05:59:30', '2014-03-20 05:59:30'),
(28, '2123732903', 253, NULL, '2014-03-20 05:59:30', '2014-03-20 05:59:30'),
(29, '2123722237', 254, NULL, '2014-03-20 05:59:30', '2014-03-20 05:59:30'),
(30, '2123737175', 255, NULL, '2014-03-20 05:59:30', '2014-03-20 05:59:30'),
(31, '2123737663', 256, NULL, '2014-03-20 05:59:30', '2014-03-20 05:59:30'),
(32, '2123726701', 257, NULL, '2014-03-20 05:59:30', '2014-03-20 05:59:30'),
(33, '2123724962', 258, NULL, '2014-03-20 05:59:30', '2014-03-20 05:59:30'),
(34, '2123734353', 259, NULL, '2014-03-20 05:59:30', '2014-03-20 05:59:30'),
(35, '2123713516', 260, NULL, '2014-03-20 05:59:30', '2014-03-20 05:59:30'),
(36, '2123726530', 261, NULL, '2014-03-20 05:59:30', '2014-03-20 05:59:30'),
(37, '2123721821', 262, NULL, '2014-03-20 05:59:30', '2014-03-20 05:59:30'),
(38, '2123711656', 263, NULL, '2014-03-20 05:59:30', '2014-03-20 05:59:30'),
(39, '2123738033', 264, NULL, '2014-03-20 05:59:30', '2014-03-20 05:59:30'),
(40, '2123710650', 265, NULL, '2014-03-20 05:59:30', '2014-03-20 05:59:30'),
(41, '2123723508', 266, NULL, '2014-03-20 05:59:30', '2014-03-20 05:59:30'),
(42, '2123729120', 267, NULL, '2014-03-20 05:59:30', '2014-03-20 05:59:30'),
(43, '2123734112', 268, NULL, '2014-03-20 05:59:30', '2014-03-20 05:59:30'),
(44, '2123731089', 269, NULL, '2014-03-20 05:59:30', '2014-03-20 05:59:30'),
(45, '2123713160', 270, NULL, '2014-03-20 05:59:30', '2014-03-20 05:59:30'),
(46, '2123733004', 271, NULL, '2014-03-20 05:59:30', '2014-03-20 05:59:30'),
(47, '2123732962', 272, NULL, '2014-03-20 05:59:30', '2014-03-20 05:59:30'),
(48, '2123722616', 273, NULL, '2014-03-20 05:59:30', '2014-03-20 05:59:30'),
(49, '2123713840', 274, NULL, '2014-03-20 05:59:30', '2014-03-20 05:59:30'),
(50, '2123710790', 275, NULL, '2014-03-20 05:59:30', '2014-03-20 05:59:30'),
(51, '2123730603', 276, NULL, '2014-03-20 05:59:30', '2014-03-20 05:59:30'),
(52, '2123728791', 277, NULL, '2014-03-20 05:59:30', '2014-03-20 05:59:30'),
(53, '2123710921', 278, NULL, '2014-03-20 05:59:30', '2014-03-20 05:59:30'),
(54, '2123721736', 279, NULL, '2014-03-20 05:59:30', '2014-03-20 05:59:30'),
(55, '2123710833', 280, NULL, '2014-03-20 05:59:30', '2014-03-20 05:59:30'),
(56, '2123722027', 281, NULL, '2014-03-20 05:59:30', '2014-03-20 05:59:30'),
(57, '2123733672', 282, NULL, '2014-03-20 05:59:30', '2014-03-20 05:59:30'),
(58, '2123736905', 283, NULL, '2014-03-20 05:59:30', '2014-03-20 05:59:30'),
(59, '2123737296', 284, NULL, '2014-03-20 05:59:30', '2014-03-20 05:59:30'),
(60, '2123710081', 285, NULL, '2014-03-20 05:59:30', '2014-03-20 05:59:30'),
(61, '2123736474', 286, NULL, '2014-03-20 05:59:30', '2014-03-20 05:59:30'),
(62, '2123735128', 287, NULL, '2014-03-20 05:59:30', '2014-03-20 05:59:30'),
(63, '2123720576', 288, NULL, '2014-03-20 05:59:30', '2014-03-20 05:59:30'),
(64, '2123727874', 289, NULL, '2014-03-20 05:59:30', '2014-03-20 05:59:30'),
(65, '2123714631', 290, NULL, '2014-03-20 05:59:30', '2014-03-20 05:59:30'),
(66, '2123711413', 291, NULL, '2014-03-20 05:59:30', '2014-03-20 05:59:30'),
(67, '2123730014', 292, NULL, '2014-03-20 05:59:30', '2014-03-20 05:59:30'),
(68, '2123720248', 293, NULL, '2014-03-20 05:59:30', '2014-03-20 05:59:30'),
(69, '2123712871', 294, NULL, '2014-03-20 05:59:30', '2014-03-20 05:59:30'),
(70, '2123730589', 295, NULL, '2014-03-20 05:59:30', '2014-03-20 05:59:30'),
(71, '2123737378', 296, NULL, '2014-03-20 05:59:30', '2014-03-20 05:59:30'),
(72, '2123729075', 297, NULL, '2014-03-20 05:59:30', '2014-03-20 05:59:30'),
(73, '2123726369', 298, NULL, '2014-03-20 05:59:30', '2014-03-20 05:59:30'),
(74, '2123729617', 299, NULL, '2014-03-20 05:59:30', '2014-03-20 05:59:30'),
(75, '2123713453', 300, NULL, '2014-03-20 05:59:30', '2014-03-20 05:59:30'),
(76, '2123710696', 301, NULL, '2014-03-20 05:59:30', '2014-03-20 05:59:30'),
(77, '2123724725', 302, NULL, '2014-03-20 05:59:30', '2014-03-20 05:59:30'),
(78, '2123714208', 303, NULL, '2014-03-20 05:59:30', '2014-03-20 05:59:30'),
(79, '2123711427', 304, NULL, '2014-03-20 05:59:30', '2014-03-20 05:59:30'),
(80, '2123724755', 305, NULL, '2014-03-20 05:59:30', '2014-03-20 05:59:30'),
(81, '2123730483', 306, NULL, '2014-03-20 05:59:30', '2014-03-20 05:59:30'),
(82, '2123727970', 307, NULL, '2014-03-20 05:59:30', '2014-03-20 05:59:30'),
(83, '2123731313', 308, NULL, '2014-03-20 05:59:30', '2014-03-20 05:59:30'),
(84, '2123736912', 309, NULL, '2014-03-20 05:59:30', '2014-03-20 05:59:30'),
(85, '2123727909', 310, NULL, '2014-03-20 05:59:30', '2014-03-20 05:59:30'),
(86, '2123736980', 311, NULL, '2014-03-20 05:59:30', '2014-03-20 05:59:30'),
(87, '2123228110', 312, NULL, '2014-03-20 05:59:30', '2014-03-20 05:59:30'),
(88, '2123236422', 313, NULL, '2014-03-20 05:59:30', '2014-03-20 05:59:30'),
(89, '2123238712', 314, NULL, '2014-03-20 05:59:30', '2014-03-20 05:59:30'),
(90, '2123216251', 315, NULL, '2014-03-20 05:59:30', '2014-03-20 05:59:30'),
(91, '2123216797', 316, NULL, '2014-03-20 05:59:30', '2014-03-20 05:59:30'),
(92, '2123645695', 317, NULL, '2014-03-20 05:59:30', '2014-03-20 05:59:30'),
(93, '2123236938', 318, NULL, '2014-03-20 05:59:30', '2014-03-20 05:59:30'),
(94, '2123211218', 319, NULL, '2014-03-20 05:59:30', '2014-03-20 05:59:30'),
(95, '2123641468', 320, NULL, '2014-03-20 05:59:30', '2014-03-20 05:59:30'),
(96, '2123226305', 321, NULL, '2014-03-20 05:59:30', '2014-03-20 05:59:30'),
(97, '2123644550', 322, NULL, '2014-03-20 05:59:30', '2014-03-20 05:59:30'),
(98, '2123645765', 323, NULL, '2014-03-20 05:59:30', '2014-03-20 05:59:30'),
(99, '2123213047', 324, NULL, '2014-03-20 05:59:30', '2014-03-20 05:59:30'),
(100, '2123210995', 325, NULL, '2014-03-20 05:59:30', '2014-03-20 05:59:30'),
(101, '2123236179', 326, NULL, '2014-03-20 05:59:30', '2014-03-20 05:59:30'),
(102, '2123646656', 327, NULL, '2014-03-20 05:59:30', '2014-03-20 05:59:30'),
(103, '2123237875', 328, NULL, '2014-03-20 05:59:30', '2014-03-20 05:59:30'),
(104, '2123215037', 329, NULL, '2014-03-20 05:59:30', '2014-03-20 05:59:30'),
(105, '2123217060', 330, NULL, '2014-03-20 05:59:30', '2014-03-20 05:59:30'),
(106, '2123210102', 331, NULL, '2014-03-20 05:59:30', '2014-03-20 05:59:30'),
(107, '2123229361', 332, NULL, '2014-03-20 05:59:30', '2014-03-20 05:59:30'),
(108, '2123645873', 333, NULL, '2014-03-20 05:59:30', '2014-03-20 05:59:30'),
(109, '2123225868', 334, NULL, '2014-03-20 05:59:30', '2014-03-20 05:59:30'),
(110, '2123225960', 335, NULL, '2014-03-20 05:59:30', '2014-03-20 05:59:30'),
(111, '2123231147', 336, NULL, '2014-03-20 05:59:30', '2014-03-20 05:59:30'),
(112, '2123210614', 337, NULL, '2014-03-20 05:59:30', '2014-03-20 05:59:30'),
(113, '2123214811', 338, NULL, '2014-03-20 05:59:30', '2014-03-20 05:59:30'),
(114, '2123228956', 339, NULL, '2014-03-20 05:59:30', '2014-03-20 05:59:30'),
(115, '2123641583', 340, NULL, '2014-03-20 05:59:30', '2014-03-20 05:59:30'),
(116, '2123235413', 341, NULL, '2014-03-20 05:59:30', '2014-03-20 05:59:30'),
(117, '2123211536', 342, NULL, '2014-03-20 05:59:30', '2014-03-20 05:59:30'),
(118, '2123647224', 343, NULL, '2014-03-20 05:59:30', '2014-03-20 05:59:30'),
(119, '2123214562', 344, NULL, '2014-03-20 05:59:30', '2014-03-20 05:59:30'),
(120, '2123642007', 345, NULL, '2014-03-20 05:59:30', '2014-03-20 05:59:30'),
(121, '2123227451', 346, NULL, '2014-03-20 05:59:30', '2014-03-20 05:59:30'),
(122, '2123227616', 347, NULL, '2014-03-20 05:59:30', '2014-03-20 05:59:30'),
(123, '2123641859', 348, NULL, '2014-03-20 05:59:30', '2014-03-20 05:59:30'),
(124, '2123212098', 349, NULL, '2014-03-20 05:59:30', '2014-03-20 05:59:30'),
(125, '2123212730', 350, NULL, '2014-03-20 05:59:30', '2014-03-20 05:59:30'),
(126, '2123211339', 351, NULL, '2014-03-20 05:59:30', '2014-03-20 05:59:30'),
(127, '2123228766', 352, NULL, '2014-03-20 05:59:30', '2014-03-20 05:59:30'),
(128, '2123647552', 353, NULL, '2014-03-20 05:59:30', '2014-03-20 05:59:30'),
(129, '2123238331', 354, NULL, '2014-03-20 05:59:30', '2014-03-20 05:59:30'),
(130, '2123225544', 355, NULL, '2014-03-20 05:59:30', '2014-03-20 05:59:30'),
(131, '2123213359', 356, NULL, '2014-03-20 05:59:30', '2014-03-20 05:59:30'),
(132, '2123640140', 357, NULL, '2014-03-20 05:59:30', '2014-03-20 05:59:30'),
(133, '2123641715', 358, NULL, '2014-03-20 05:59:30', '2014-03-20 05:59:30'),
(134, '2123233505', 359, NULL, '2014-03-20 05:59:30', '2014-03-20 05:59:30'),
(135, '2123229694', 360, NULL, '2014-03-20 05:59:30', '2014-03-20 05:59:30'),
(136, '2123212219', 361, NULL, '2014-03-20 05:59:30', '2014-03-20 05:59:30'),
(137, '2123226305', 362, NULL, '2014-03-20 05:59:30', '2014-03-20 05:59:30'),
(138, '2123232270', 363, NULL, '2014-03-20 05:59:30', '2014-03-20 05:59:30'),
(139, '2123646502', 364, NULL, '2014-03-20 05:59:30', '2014-03-20 05:59:30'),
(140, '2123210614', 365, NULL, '2014-03-20 05:59:30', '2014-03-20 05:59:30'),
(141, '2123211028', 366, NULL, '2014-03-20 05:59:30', '2014-03-20 05:59:30'),
(142, '2123212730', 367, NULL, '2014-03-20 05:59:30', '2014-03-20 05:59:30'),
(143, '2123238557', 368, NULL, '2014-03-20 05:59:30', '2014-03-20 05:59:30'),
(144, '2123210034', 369, NULL, '2014-03-20 05:59:30', '2014-03-20 05:59:30'),
(145, '2123227492', 370, NULL, '2014-03-20 05:59:30', '2014-03-20 05:59:30'),
(146, '2123221830', 371, NULL, '2014-03-20 05:59:30', '2014-03-20 05:59:30'),
(147, '2123214390', 372, NULL, '2014-03-20 05:59:30', '2014-03-20 05:59:30'),
(148, '2123230151', 373, NULL, '2014-03-20 05:59:30', '2014-03-20 05:59:30'),
(149, '2123224210', 374, NULL, '2014-03-20 05:59:30', '2014-03-20 05:59:30'),
(150, '2123235413', 375, NULL, '2014-03-20 05:59:30', '2014-03-20 05:59:30'),
(151, '2123215330', 376, NULL, '2014-03-20 05:59:30', '2014-03-20 05:59:30'),
(152, '2123214520', 377, NULL, '2014-03-20 05:59:30', '2014-03-20 05:59:30'),
(153, '2123213937', 378, NULL, '2014-03-20 05:59:30', '2014-03-20 05:59:30'),
(154, '2123218853', 379, NULL, '2014-03-20 05:59:30', '2014-03-20 05:59:30'),
(155, '2123646502', 380, NULL, '2014-03-20 05:59:30', '2014-03-20 05:59:30'),
(156, '2123642812', 381, NULL, '2014-03-20 05:59:30', '2014-03-20 05:59:30'),
(157, '2123648573', 382, NULL, '2014-03-20 05:59:30', '2014-03-20 05:59:30'),
(158, '2123224264', 383, NULL, '2014-03-20 05:59:30', '2014-03-20 05:59:30'),
(159, '2123229986', 384, NULL, '2014-03-20 05:59:30', '2014-03-20 05:59:30'),
(160, '2123217722', 385, NULL, '2014-03-20 05:59:30', '2014-03-20 05:59:30'),
(161, '2123649108', 386, NULL, '2014-03-20 05:59:30', '2014-03-20 05:59:30'),
(162, '2123210753', 387, NULL, '2014-03-20 05:59:30', '2014-03-20 05:59:30'),
(264, '4142153361', 234, NULL, '2014-03-20 06:04:03', '2014-03-20 06:03:29');

-- 
-- Dumping data for table usuarios
--
INSERT INTO usuarios VALUES
(1, 'toronacii', '$2y$10$6tU.1ojcDKEitAksDdsobeFSLhpUTdNduZLM7eCRkhBPnO.hXkA/O', 1, '2014-03-09 09:45:57', '2014-03-09 09:45:57');

-- 
-- Dumping data for table visitas
--
INSERT INTO visitas VALUES
(112, '', 114, 34, '1970-01-01', '', 'casa', NULL, '', '', NULL, '2014-03-11 22:07:10', 112),
(113, '', 115, NULL, '1970-01-01', '', 'casa', NULL, '', '', NULL, '2014-03-11 22:07:10', 113),
(114, '', 116, 32, '1970-01-01', '', 'casa', NULL, '', '', NULL, '2014-03-11 22:07:10', 114),
(115, '', 117, 32, '1970-01-01', '', 'casa', NULL, '', '', NULL, '2014-03-11 22:07:10', 115),
(116, '', 118, NULL, '1970-01-01', '', 'casa', NULL, '', '', NULL, '2014-03-11 22:07:11', 116),
(117, '', 119, 33, '1970-01-01', '', 'casa', NULL, '', '', NULL, '2014-03-11 22:07:11', 117),
(118, '', 120, 33, '1970-01-01', '', 'casa', NULL, '', '', NULL, '2014-03-11 22:07:11', 118),
(119, '', 121, 34, '1970-01-01', '', 'casa', NULL, '', 'Tratado', NULL, '2014-03-11 22:07:11', 119),
(120, '', 122, 33, '1970-01-01', '', 'casa', NULL, '', '', NULL, '2014-03-11 22:07:11', 120),
(121, '', 123, NULL, '1970-01-01', '', 'casa', NULL, '', '', NULL, '2014-03-11 22:07:11', 121),
(122, '', 124, 32, '1970-01-01', '', 'casa', NULL, '', '', NULL, '2014-03-11 22:07:11', 122),
(123, '', 125, 3, '1970-01-01', 'No quiere nada', 'casa', NULL, '', '', NULL, '2014-03-11 22:07:12', 123),
(124, '', 126, 35, '1970-01-01', '', 'casa', NULL, '', 'Tratado Disfrute', NULL, '2014-03-11 22:07:12', 124),
(125, '', 127, 34, '2012-05-25', '', 'casa', NULL, '', 'Tratado Disfrute', NULL, '2014-03-11 22:07:12', 125),
(126, '', 128, 34, '2012-05-25', '', 'casa', NULL, '', 'Biblia', NULL, '2014-03-11 22:07:12', 126),
(127, '', 129, 34, '1970-01-01', '', 'casa', NULL, '', 'Tratado Consuelo', NULL, '2014-03-11 22:07:12', 127),
(128, '', 130, 32, '2013-08-15', '', 'casa', NULL, '', 'Revistas', NULL, '2014-03-11 22:07:12', 128),
(129, '', 131, NULL, '1970-01-01', 'No quiere nada', 'casa', NULL, '', '', NULL, '2014-03-11 22:07:12', 129),
(130, '', 132, NULL, '1970-01-01', 'No quiere nada, es musulman', 'casa', NULL, '', '', NULL, '2014-03-11 22:07:13', 130),
(131, '', 133, 34, '1970-01-01', '', 'casa', NULL, '', '', NULL, '2014-03-11 22:07:13', 131),
(132, '', 134, 32, '1970-01-01', '', 'casa', NULL, '', '', NULL, '2014-03-11 22:07:13', 132),
(133, '', 135, NULL, '1970-01-01', 'No le gusta que le prediquen', 'casa', NULL, '', '', NULL, '2014-03-11 22:07:13', 133),
(134, '', 136, 34, '1970-01-01', '', 'casa', NULL, '', '', NULL, '2014-03-11 22:07:13', 134),
(135, '', 137, 34, '1970-01-01', '', 'casa', NULL, '', '', NULL, '2014-03-11 22:07:13', 135),
(136, '', 138, 34, '2013-08-15', 'Poco receptivo', 'casa', NULL, '', '', NULL, '2014-03-11 22:07:13', 136),
(137, '', 139, NULL, '1970-01-01', 'No tiene tiempo', 'casa', NULL, '', '', NULL, '2014-03-11 22:07:14', 137),
(138, '', 140, NULL, '1970-01-01', 'No quiere nada', 'casa', NULL, '', '', NULL, '2014-03-11 22:07:14', 138),
(139, '', 141, NULL, '1970-01-01', '', 'casa', NULL, '', '', NULL, '2014-03-11 22:07:14', 139),
(140, '', 142, NULL, '1970-01-01', 'No quiere nada, es catolico', 'casa', NULL, '', '', NULL, '2014-03-11 22:07:14', 140),
(141, '', 143, NULL, '1970-01-01', 'Desea que lo visiten', 'casa', NULL, '', '', NULL, '2014-03-11 22:07:14', 141),
(142, '', 144, NULL, '1970-01-01', 'Musulman, no quiere', 'casa', NULL, '', '', NULL, '2014-03-11 22:07:14', 142),
(143, '', 145, NULL, '1970-01-01', 'Se le ha visitado', 'casa', NULL, '', '', NULL, '2014-03-11 22:07:14', 143),
(144, '', 146, NULL, '1970-01-01', '', 'casa', NULL, '', 'Folleto los Testigos de Jehová, en árabe', NULL, '2014-03-11 22:07:15', 144),
(145, '', 147, NULL, '1970-01-01', '', 'casa', NULL, '', '', NULL, '2014-03-11 22:07:15', 145),
(146, '', 148, 39, '1970-01-01', '', 'casa', NULL, '', '', NULL, '2014-03-11 22:07:15', 146),
(147, '', 149, 2, '1970-01-01', 'tiene biblia en árabe, quiere libro enseña en árabe', 'casa', NULL, '', 'Tratado Ser Querido', NULL, '2014-03-11 22:07:15', 147),
(148, '', 150, 39, '1970-01-01', 'tiene biblia en árabe', 'casa', NULL, '', '', NULL, '2014-03-11 22:07:15', 148),
(149, '', 151, 32, '1970-01-01', 'Quiere Literatura', 'casa', NULL, '', 'tratado la Verdad', NULL, '2014-03-11 22:07:15', 149),
(150, '', 152, NULL, '1970-01-01', 'quiere que le hablen en árabe', 'casa', NULL, '', 'Tratado el sufrimiento', NULL, '2014-03-11 22:07:16', 150),
(151, '', 153, NULL, '1970-01-01', '', 'casa', NULL, '', '', NULL, '2014-03-11 22:07:16', 151),
(152, '', 154, NULL, '1970-01-01', '', 'casa', NULL, '', '', NULL, '2014-03-11 22:07:16', 152),
(153, '', 155, NULL, '1970-01-01', 'no quiere ninguna publicación', 'casa', NULL, '', '', NULL, '2014-03-11 22:07:16', 153),
(154, '', 156, NULL, '1970-01-01', 'Volver en Febrero', 'casa', NULL, '', '', NULL, '2014-03-11 22:07:16', 154),
(155, '', 157, NULL, '1970-01-01', 'Se puede volver', 'casa', NULL, '', 'Tratado La verdad', NULL, '2014-03-11 22:07:16', 155),
(156, '', 158, NULL, '1970-01-01', '', 'casa', NULL, '', '', NULL, '2014-03-11 22:07:16', 156),
(157, '', 159, 32, '1970-01-01', 'Venezolana, lee árabe', 'casa', NULL, '', 'Tratado Se interesa Dios por nosotros', NULL, '2014-03-11 22:07:17', 157),
(158, '', 160, NULL, '1970-01-01', '', 'casa', NULL, '', '', NULL, '2014-03-11 22:07:17', 158),
(159, '', 161, NULL, '1970-01-01', 'visitar', 'casa', NULL, '', '', NULL, '2014-03-11 22:07:17', 159),
(160, '', 162, NULL, '1970-01-01', 'No lee arabe', 'casa', NULL, '', 'Folleto Amigo de Dios', NULL, '2014-03-11 22:07:17', 160),
(161, '', 163, NULL, '1970-01-01', 'tiene libro enseña, Profesora de arabe, muy ocupada', 'casa', NULL, '', '', NULL, '2014-03-11 22:07:17', 161),
(162, '', 164, NULL, '1970-01-01', '', 'casa', NULL, '', '', NULL, '2014-03-11 22:07:17', 162),
(163, '', 165, NULL, '1970-01-01', 'Visitar', 'casa', NULL, '', '', NULL, '2014-03-11 22:07:17', 163),
(164, '', 166, 1, '2013-06-03', '', 'casa', NULL, '', 'Folleto la Verdad', NULL, '2014-03-11 22:07:18', 164),
(165, '', 167, 37, '2013-06-03', 'Libanes, no le interesa', 'casa', NULL, '', '', NULL, '2014-03-11 22:07:18', 165),
(166, '', 168, 31, '2013-06-03', 'No quiso Recibir', 'casa', NULL, '', '', NULL, '2014-03-11 22:07:18', 166),
(167, '', 169, 1, '2013-06-03', '', 'casa', NULL, '', 'Folleto la Verdad', NULL, '2014-03-11 22:07:18', 167),
(168, '', 170, 37, '2013-06-03', 'Interesada', 'casa', NULL, 'La sangre', '', NULL, '2014-03-11 22:07:18', 168),
(169, '', 171, 34, '1970-01-01', 'No es el dueño, es un empleado', 'casa', NULL, '', '', NULL, '2014-03-11 22:07:18', 169),
(170, '', 172, 32, '1970-01-01', '', 'casa', NULL, '', '', NULL, '2014-03-11 22:07:18', 170),
(171, '', 173, 32, '1970-01-01', '', 'casa', NULL, '', '', NULL, '2014-03-11 22:07:19', 171),
(172, '', 174, 32, '1970-01-01', '', 'casa', NULL, '', '', NULL, '2014-03-11 22:07:19', 172),
(173, '', 175, 32, '1970-01-01', '', 'casa', NULL, '', '', NULL, '2014-03-11 22:07:19', 173),
(174, '', 176, NULL, '1970-01-01', '', 'casa', NULL, '', '', NULL, '2014-03-11 22:07:19', 174),
(175, '', 177, NULL, '1970-01-01', 'No quiere nada', 'casa', NULL, '', '', NULL, '2014-03-11 22:07:19', 175),
(176, '', 178, NULL, '1970-01-01', '', 'casa', NULL, '', '', NULL, '2014-03-11 22:07:20', 176),
(177, '', 179, NULL, '1970-01-01', 'No desea nada de otras religiones', 'casa', NULL, '', '', NULL, '2014-03-11 22:07:20', 177),
(178, '', 180, NULL, '1970-01-01', 'No quiere nada, por no tener tiempo', 'casa', NULL, '', '', NULL, '2014-03-11 22:07:20', 178),
(179, '', 181, NULL, '1970-01-01', 'Libanes, cree en jesucristo', 'casa', NULL, '', '', NULL, '2014-03-11 22:07:20', 179),
(180, '', 182, 38, '1970-01-01', '', 'casa', NULL, '', '', NULL, '2014-03-11 22:07:20', 180),
(181, '', 183, 34, '2013-08-15', '', 'casa', NULL, '', '', NULL, '2014-03-11 22:07:21', 181),
(182, '', 184, 34, '2013-08-15', 'Hay varios árabes', 'casa', NULL, '', '', NULL, '2014-03-11 22:07:21', 182),
(183, '', 185, 34, '2013-08-15', 'Una mujer y un hombre', 'casa', NULL, '', '', NULL, '2014-03-11 22:07:21', 183),
(184, '', 186, 34, '2013-08-15', '', 'casa', NULL, '', '', NULL, '2014-03-11 22:07:21', 184),
(185, '', 187, 34, '2013-08-15', 'Son dos, padre e hijo', 'casa', NULL, '', '', NULL, '2014-03-11 22:07:21', 185),
(186, '', 188, 34, '2013-08-15', '', 'casa', NULL, '', '', NULL, '2014-03-11 22:07:21', 186),
(187, '', 189, 34, '2013-08-15', '', 'casa', NULL, '', '', NULL, '2014-03-11 22:07:22', 187),
(188, '', 190, 34, '2013-08-15', '', 'casa', NULL, '', '', NULL, '2014-03-11 22:07:22', 188),
(189, '', 191, 34, '2013-08-15', 'Dos arabes', 'casa', NULL, '', '', NULL, '2014-03-11 22:07:22', 189),
(190, '', 192, 34, '2013-08-15', '', 'casa', NULL, '', '', NULL, '2014-03-11 22:07:22', 190),
(191, '', 193, 38, '2013-08-15', '', 'casa', NULL, '', '', NULL, '2014-03-11 22:07:22', 191),
(192, '', 194, 38, '2013-08-15', 'Son dos', 'casa', NULL, '', '', NULL, '2014-03-11 22:07:23', 192),
(193, '', 195, 38, '2013-08-15', 'Son dos', 'casa', NULL, '', '', NULL, '2014-03-11 22:07:23', 193),
(194, '', 196, 38, '2013-08-15', 'Quiere literatura en arabe', 'casa', NULL, '', 'Tratado Nuevo Mundo', NULL, '2014-03-11 22:07:23', 194),
(195, '', 197, 38, '2013-08-15', '', 'casa', NULL, '', '', NULL, '2014-03-11 22:07:23', 195),
(196, '', 198, 38, '2013-08-15', 'Familia de Arabes', 'casa', NULL, '', '', NULL, '2014-03-11 22:07:23', 196),
(197, '', 199, 38, '2013-08-15', 'Dueño es arabe', 'casa', NULL, '', '', NULL, '2014-03-11 22:07:24', 197),
(198, '', 200, 38, '2013-08-15', 'Son dos arabes', 'casa', NULL, '', '', NULL, '2014-03-11 22:07:24', 198),
(199, '', 201, 38, '2013-08-15', 'Dos Arabes, poco interes', 'casa', NULL, '', '', NULL, '2014-03-11 22:07:24', 199),
(200, '', 202, 38, '2013-08-15', 'Dos Arabes', 'casa', NULL, '', '', NULL, '2014-03-11 22:07:24', 200),
(201, '', 203, 38, '2013-08-15', 'Receptivo', 'casa', NULL, '', '', NULL, '2014-03-11 22:07:24', 201),
(202, '', 204, 38, '2013-08-15', 'No quiere que le prediquen', 'casa', NULL, '', '', NULL, '2014-03-11 22:07:24', 202),
(203, '', 205, 39, '2013-08-15', '', 'casa', NULL, '', 'Tratado La Verdad', NULL, '2014-03-11 22:07:24', 203),
(204, '', 206, 39, '2013-08-15', '', 'casa', NULL, '', 'Tratado La verdad', NULL, '2014-03-11 22:07:25', 204),
(205, '', 207, 39, '2013-08-15', '', 'casa', NULL, '', 'Tratado La verdad', NULL, '2014-03-11 22:07:25', 205),
(206, '', 208, 2, '2013-08-16', '', 'casa', NULL, '', 'Tratado Gobernante', NULL, '2014-03-11 22:07:25', 206),
(207, '', 209, 2, '2013-08-16', 'Quiere literatura', 'casa', NULL, '', 'Tratado Ser querido', NULL, '2014-03-11 22:07:25', 207),
(208, '', 210, 2, '2013-08-16', '', 'casa', NULL, '', 'Tratado Gobernante', NULL, '2014-03-11 22:07:25', 208),
(209, '', 211, 2, '2013-08-16', '', 'casa', NULL, '', 'Tratado Gobernante', NULL, '2014-03-11 22:07:25', 209),
(210, '', 212, 2, '2013-08-16', '', 'casa', NULL, '', '', NULL, '2014-03-11 22:07:25', 210),
(211, '', 213, 2, '2013-08-16', '', 'casa', NULL, '', '', NULL, '2014-03-11 22:07:26', 211),
(212, '', 214, 2, '1970-01-01', '', 'casa', NULL, '', '', NULL, '2014-03-11 22:07:26', 212),
(213, '', 215, 37, '2013-08-15', '', 'casa', NULL, '', 'Tratado La verdad', NULL, '2014-03-11 22:07:26', 213),
(214, '', 216, 37, '2013-08-15', 'No tiene interes', 'casa', NULL, '', '', NULL, '2014-03-11 22:07:26', 214),
(215, '', 217, 34, '2013-08-16', '', 'casa', NULL, '', '', NULL, '2014-03-11 22:07:26', 215),
(216, '', 218, 34, '2013-08-16', '', 'casa', NULL, '', '', NULL, '2014-03-11 22:07:26', 216),
(217, '', 219, 34, '2013-08-16', '', 'casa', NULL, '', '', NULL, '2014-03-11 22:07:26', 217),
(218, '', 220, 34, '2013-08-16', 'Tiene el Coran', 'casa', NULL, '', '', NULL, '2014-03-11 22:07:27', 218),
(219, '', 221, 38, '2013-08-16', '', 'casa', NULL, '', '', NULL, '2014-03-11 22:07:27', 219),
(220, '', 222, 38, '2013-08-16', '', 'casa', NULL, '', '', NULL, '2014-03-11 22:07:27', 220),
(221, '', 223, 38, '2013-08-16', '', 'casa', NULL, '', '', NULL, '2014-03-11 22:07:27', 221),
(222, '', 224, 38, '2013-08-16', '', 'casa', NULL, '', '', NULL, '2014-03-11 22:07:27', 222),
(223, '', 225, 38, '2013-08-16', '', 'casa', NULL, '', '', NULL, '2014-03-11 22:07:27', 223),
(224, '', 226, 38, '2013-08-16', '', 'casa', NULL, '', '', NULL, '2014-03-11 22:07:28', 224),
(225, '', 227, 36, '2013-08-16', '', 'casa', NULL, '', '', NULL, '2014-03-11 22:07:28', 225),
(226, '', 228, 36, '2013-08-16', '', 'casa', NULL, '', '', NULL, '2014-03-11 22:07:28', 226),
(230, '', 188, 35, '2014-10-02', NULL, 'casa', NULL, NULL, 'tratado la verdad y revistas', '2014-03-20 07:15:58', '2014-03-20 07:15:58', NULL),
(231, '', 234, 38, '2014-10-02', NULL, 'telefono', NULL, NULL, 'confirmado Arabe receptivo', '2014-03-20 07:15:58', '2014-03-20 07:15:58', NULL),
(232, '', 235, 38, '2014-10-02', NULL, 'telefono', NULL, NULL, 'buzon de voz', '2014-03-20 07:15:58', '2014-03-20 07:15:58', NULL),
(233, '', 236, 38, '2014-10-02', NULL, 'telefono', NULL, 'hablar de otro tema', 'confirmado arabe', '2014-03-20 07:15:58', '2014-03-20 07:15:58', NULL),
(234, '', 237, 38, '2014-10-02', NULL, 'telefono', NULL, NULL, 'buzon de voz', '2014-03-20 07:15:58', '2014-03-20 07:15:58', NULL),
(235, '', 238, 38, '2014-10-02', NULL, 'telefono', NULL, 'Evangelico', 'confirmado arabe', '2014-03-20 07:15:58', '2014-03-20 07:15:58', NULL),
(236, '', 239, 38, '2014-10-02', NULL, 'telefono', NULL, NULL, 'buzon de voz', '2014-03-20 07:15:58', '2014-03-20 07:15:58', NULL),
(237, '', 240, 38, '2014-10-02', NULL, 'telefono', NULL, NULL, 'ocupado', '2014-03-20 07:15:58', '2014-03-20 07:15:58', NULL),
(238, '', 241, 33, '2014-10-02', NULL, 'telefono', NULL, 'revelacion 21:3,4', 'buzon de voz', '2014-03-20 07:15:58', '2014-03-20 07:15:58', NULL),
(239, '', 242, 33, '2014-10-02', NULL, 'telefono', NULL, 'revelacion 21:3,4', 'buzon de voz', '2014-03-20 07:15:58', '2014-03-20 07:15:58', NULL),
(240, '', 243, 33, '2014-10-02', NULL, 'telefono', NULL, 'revelacion 21:3,4', 'buzon de voz', '2014-03-20 07:15:58', '2014-03-20 07:15:58', NULL),
(241, '', 244, 33, '2014-10-02', NULL, 'telefono', NULL, 'revelacion 21:3,4', 'buzon de voz', '2014-03-20 07:15:58', '2014-03-20 07:15:58', NULL),
(242, '', 245, 33, '2014-10-02', NULL, 'telefono', NULL, 'revelacion 21:3,4', 'buzon de voz', '2014-03-20 07:15:58', '2014-03-20 07:15:58', NULL),
(243, '', 246, 33, '2014-10-02', NULL, 'telefono', NULL, 'revelacion 21:3,4', 'buzon de voz', '2014-03-20 07:15:58', '2014-03-20 07:15:58', NULL),
(244, '', 247, 33, '2014-10-02', NULL, 'telefono', NULL, 'revelacion 21:3,4', 'buzon de voz', '2014-03-20 07:15:58', '2014-03-20 07:15:58', NULL),
(245, '', 248, 33, '2014-10-02', NULL, 'telefono', NULL, NULL, 'confirmado arabes', '2014-03-20 07:15:58', '2014-03-20 07:15:58', NULL),
(246, '', 249, 32, '2014-10-02', NULL, 'telefono', NULL, NULL, 'buzon de voz', '2014-03-20 07:15:58', '2014-03-20 07:15:58', NULL),
(247, '', 250, 32, '2014-03-03', 'Receptivo', 'telefono', NULL, 'se leyo revelacion 21:3,4', 'Arabe Mujer', '2014-03-20 07:15:58', '2014-03-20 07:15:58', NULL),
(248, '', 250, 32, '2014-10-02', NULL, 'telefono', NULL, 'muy amable estaba saliendo', NULL, '2014-03-20 07:15:58', '2014-03-20 07:15:58', NULL),
(249, '', 251, 32, '2014-10-02', NULL, 'telefono', NULL, NULL, 'ocupado', '2014-03-20 07:15:58', '2014-03-20 07:15:58', NULL),
(250, '', 252, 32, '2014-10-02', NULL, 'telefono', NULL, 'revelacion 21:3,4', 'buzon de voz', '2014-03-20 07:15:58', '2014-03-20 07:15:58', NULL),
(251, '', 253, 33, '2014-10-02', NULL, 'telefono', NULL, 'isaias2:4', 'ocupado', '2014-03-20 07:15:58', '2014-03-20 07:15:58', NULL),
(252, '', 254, 33, '2014-10-02', NULL, 'telefono', NULL, 'revelacion 21:3,4', 'buzon de voz', '2014-03-20 07:15:58', '2014-03-20 07:15:58', NULL),
(253, '', 254, NULL, '2014-03-03', 'Receptivo', 'telefono', NULL, 'muy amable', NULL, '2014-03-20 07:15:58', '2014-03-20 07:15:58', NULL),
(254, '', 255, 33, '2014-10-02', NULL, 'telefono', NULL, 'isaias2:4', 'buzon de voz', '2014-03-20 07:15:58', '2014-03-20 07:15:58', NULL),
(255, '', 256, NULL, '2014-10-02', 'Receptivo', 'telefono', NULL, 'revelacion 21:3,4', 'mamá es arabe', '2014-03-20 07:15:58', '2014-03-20 07:15:58', NULL),
(256, '', 257, NULL, '2014-10-02', NULL, 'telefono', NULL, NULL, 'ocupado', '2014-03-20 07:15:58', '2014-03-20 07:15:58', NULL),
(257, '', 258, NULL, '2014-10-02', NULL, 'telefono', NULL, NULL, 'buzon de voz', '2014-03-20 07:15:58', '2014-03-20 07:15:58', NULL),
(258, '', 259, NULL, '2014-10-02', NULL, 'telefono', NULL, NULL, 'buzon de voz', '2014-03-20 07:15:58', '2014-03-20 07:15:58', NULL),
(259, '', 260, NULL, '2014-10-02', NULL, 'telefono', NULL, NULL, 'buzon de voz', '2014-03-20 07:15:58', '2014-03-20 07:15:58', NULL),
(260, '', 261, NULL, '2014-10-02', NULL, 'telefono', NULL, NULL, 'colgo', '2014-03-20 07:15:58', '2014-03-20 07:15:58', NULL),
(261, '', 262, NULL, '2014-10-02', NULL, 'telefono', NULL, NULL, 'no funcionaba', '2014-03-20 07:15:58', '2014-03-20 07:15:58', NULL),
(262, '', 263, NULL, '2014-10-02', NULL, 'telefono', NULL, NULL, 'ocupado', '2014-03-20 07:15:58', '2014-03-20 07:15:58', NULL),
(263, '', 264, NULL, '2014-10-02', NULL, 'telefono', NULL, NULL, 'numero ocupado', '2014-03-20 07:15:58', '2014-03-20 07:15:58', NULL),
(264, '', 265, NULL, '2014-10-02', NULL, 'telefono', NULL, NULL, 'no esta interesado', '2014-03-20 07:15:58', '2014-03-20 07:15:58', NULL),
(265, '', 266, NULL, '2014-10-02', NULL, 'telefono', NULL, NULL, 'buzon de voz', '2014-03-20 07:15:58', '2014-03-20 07:15:58', NULL),
(266, '', 267, NULL, '2014-10-02', NULL, 'telefono', NULL, NULL, 'buzon de voz', '2014-03-20 07:15:58', '2014-03-20 07:15:58', NULL),
(267, '', 268, NULL, '2014-10-02', NULL, 'telefono', NULL, NULL, 'buzon de voz', '2014-03-20 07:15:58', '2014-03-20 07:15:58', NULL),
(268, '', 269, NULL, '2014-10-02', NULL, 'telefono', NULL, NULL, 'buzon de voz', '2014-03-20 07:15:58', '2014-03-20 07:15:58', NULL),
(269, '', 270, NULL, '2014-10-02', NULL, 'telefono', NULL, NULL, 'buzon de voz', '2014-03-20 07:15:58', '2014-03-20 07:15:58', NULL),
(270, '', 271, NULL, '2014-10-02', NULL, 'telefono', NULL, NULL, 'buzon de voz', '2014-03-20 07:15:58', '2014-03-20 07:15:58', NULL),
(271, '', 272, NULL, '2014-10-02', NULL, 'telefono', NULL, NULL, 'buzon de voz', '2014-03-20 07:15:58', '2014-03-20 07:15:58', NULL),
(272, '', 273, NULL, '2014-10-02', NULL, 'telefono', NULL, NULL, 'buzon de voz', '2014-03-20 07:15:58', '2014-03-20 07:15:58', NULL),
(273, '', 274, NULL, '2014-10-02', NULL, 'telefono', NULL, NULL, 'buzon de voz', '2014-03-20 07:15:58', '2014-03-20 07:15:58', NULL),
(274, '', 275, NULL, '2014-10-02', NULL, 'telefono', NULL, NULL, 'buzon de voz', '2014-03-20 07:15:58', '2014-03-20 07:15:58', NULL),
(275, '', 276, NULL, '2014-10-02', NULL, 'telefono', NULL, NULL, 'no tiene tiempo', '2014-03-20 07:15:58', '2014-03-20 07:15:58', NULL),
(276, '', 277, NULL, '2014-10-02', NULL, 'telefono', NULL, NULL, NULL, '2014-03-20 07:15:58', '2014-03-20 07:15:58', NULL),
(277, '', 277, NULL, '2014-10-02', NULL, 'telefono', NULL, NULL, 'volver a llamar', '2014-03-20 07:15:58', '2014-03-20 07:15:58', NULL),
(278, '', 278, NULL, '2014-10-02', NULL, 'telefono', NULL, NULL, 'volver a llamar', '2014-03-20 07:15:58', '2014-03-20 07:15:58', NULL),
(279, '', 279, NULL, '2014-10-02', NULL, 'telefono', NULL, NULL, 'volver a llamar', '2014-03-20 07:15:58', '2014-03-20 07:15:58', NULL),
(280, '', 280, NULL, '2014-10-02', NULL, 'telefono', NULL, NULL, 'volver a llamar', '2014-03-20 07:15:58', '2014-03-20 07:15:58', NULL),
(281, '', 281, NULL, '2014-10-02', NULL, 'telefono', NULL, NULL, 'volver a llamar', '2014-03-20 07:15:58', '2014-03-20 07:15:58', NULL),
(282, '', 282, NULL, '2014-10-02', NULL, 'telefono', NULL, NULL, 'volver a llamar', '2014-03-20 07:15:58', '2014-03-20 07:15:58', NULL),
(283, '', 283, NULL, '2014-10-02', NULL, 'telefono', NULL, NULL, 'volver a llamar', '2014-03-20 07:15:58', '2014-03-20 07:15:58', NULL),
(284, '', 284, NULL, '2014-10-02', NULL, 'telefono', NULL, NULL, 'volver a llamar', '2014-03-20 07:15:58', '2014-03-20 07:15:58', NULL),
(285, '', 285, NULL, '2014-10-02', NULL, 'telefono', NULL, NULL, 'volver a llamar', '2014-03-20 07:15:58', '2014-03-20 07:15:58', NULL),
(286, '', 286, NULL, '2014-10-02', NULL, 'telefono', NULL, NULL, 'volver a llamar', '2014-03-20 07:15:58', '2014-03-20 07:15:58', NULL),
(287, '', 287, NULL, '2014-10-02', NULL, 'telefono', NULL, NULL, 'volver a llamar', '2014-03-20 07:15:58', '2014-03-20 07:15:58', NULL),
(288, '', 288, NULL, '2014-10-02', NULL, 'telefono', NULL, NULL, 'volver a llamar', '2014-03-20 07:15:58', '2014-03-20 07:15:58', NULL),
(289, '', 289, NULL, '2014-10-02', NULL, 'telefono', NULL, NULL, 'volver a llamar', '2014-03-20 07:15:58', '2014-03-20 07:15:58', NULL),
(290, '', 290, NULL, '2014-10-02', NULL, 'telefono', NULL, NULL, 'volver a llamar', '2014-03-20 07:15:58', '2014-03-20 07:15:58', NULL),
(291, '', 291, NULL, '2014-10-02', NULL, 'telefono', NULL, NULL, 'volver a llamar', '2014-03-20 07:15:58', '2014-03-20 07:15:58', NULL),
(292, '', 292, NULL, '2014-10-02', NULL, 'telefono', NULL, NULL, 'volver a llamar', '2014-03-20 07:15:58', '2014-03-20 07:15:58', NULL),
(293, '', 293, NULL, '2014-10-02', NULL, 'telefono', NULL, NULL, 'volver a llamar', '2014-03-20 07:15:58', '2014-03-20 07:15:58', NULL),
(294, '', 294, NULL, '2014-10-02', NULL, 'telefono', NULL, NULL, 'volver a llamar', '2014-03-20 07:15:58', '2014-03-20 07:15:58', NULL),
(295, '', 295, NULL, '2014-10-02', NULL, 'telefono', NULL, NULL, 'volver a llamar', '2014-03-20 07:15:58', '2014-03-20 07:15:58', NULL),
(296, '', 296, NULL, '2014-10-02', NULL, 'telefono', NULL, NULL, 'volver a llamar', '2014-03-20 07:15:58', '2014-03-20 07:15:58', NULL),
(297, '', 297, NULL, '2014-10-02', NULL, 'telefono', NULL, NULL, 'volver a llamar', '2014-03-20 07:15:58', '2014-03-20 07:15:58', NULL),
(298, '', 298, NULL, '2014-10-02', NULL, 'telefono', NULL, NULL, 'volver a llamar', '2014-03-20 07:15:58', '2014-03-20 07:15:58', NULL),
(299, '', 299, NULL, '2014-10-02', NULL, 'telefono', NULL, NULL, 'volver a llamar', '2014-03-20 07:15:58', '2014-03-20 07:15:58', NULL),
(300, '', 300, NULL, '2014-10-02', NULL, 'telefono', NULL, NULL, 'volver a llamar', '2014-03-20 07:15:58', '2014-03-20 07:15:58', NULL),
(301, '', 301, NULL, '2014-10-02', NULL, 'telefono', NULL, NULL, 'volver a llamar', '2014-03-20 07:15:58', '2014-03-20 07:15:58', NULL),
(302, '', 302, NULL, '2014-10-02', NULL, 'telefono', NULL, NULL, 'volver a llamar', '2014-03-20 07:15:58', '2014-03-20 07:15:58', NULL),
(303, '', 303, NULL, '2014-10-02', NULL, 'telefono', NULL, 'de Viaje', 'confirmado arabe', '2014-03-20 07:15:58', '2014-03-20 07:15:58', NULL),
(304, '', 304, NULL, '2014-10-02', NULL, 'telefono', NULL, 'salmos37:10,11', 'confirmado arabe', '2014-03-20 07:15:58', '2014-03-20 07:15:58', NULL),
(305, '', 305, NULL, '2014-10-02', NULL, 'telefono', NULL, NULL, 'no contestaron', '2014-03-20 07:15:58', '2014-03-20 07:15:58', NULL),
(306, '', 306, NULL, '2014-10-02', NULL, 'telefono', NULL, NULL, 'volver a llamar', '2014-03-20 07:15:58', '2014-03-20 07:15:58', NULL),
(307, '', 307, NULL, '2014-10-02', NULL, 'telefono', NULL, NULL, 'no contestaron', '2014-03-20 07:15:58', '2014-03-20 07:15:58', NULL),
(308, '', 308, NULL, '2014-10-02', NULL, 'telefono', NULL, 'muy amable', 'tiene su propia Religion', '2014-03-20 07:15:58', '2014-03-20 07:15:58', NULL),
(309, '', 309, NULL, '2014-10-02', NULL, 'telefono', NULL, NULL, 'volver a llamar', '2014-03-20 07:15:58', '2014-03-20 07:15:58', NULL),
(310, '', 311, NULL, '2014-10-02', NULL, 'telefono', NULL, 'salmos37:10,11', 'receptiva', '2014-03-20 07:15:58', '2014-03-20 07:15:58', NULL),
(311, '', 312, NULL, '2014-10-02', NULL, 'telefono', NULL, NULL, 'receptiva', '2014-03-20 07:15:58', '2014-03-20 07:15:58', NULL),
(312, '', 313, NULL, '2014-10-02', NULL, 'telefono', NULL, NULL, 'no contestaron', '2014-03-20 07:15:58', '2014-03-20 07:15:58', NULL),
(313, '', 314, NULL, '2014-10-02', NULL, 'telefono', NULL, 'salmos37:10,11', ' contesto Marielena', '2014-03-20 07:15:58', '2014-03-20 07:15:58', NULL),
(314, '', 315, NULL, '2014-10-02', NULL, 'telefono', NULL, NULL, 'contesto ocupada', '2014-03-20 07:15:58', '2014-03-20 07:15:58', NULL),
(315, '', 316, NULL, '2014-10-02', NULL, 'telefono', NULL, NULL, 'buzon de voz', '2014-03-20 07:15:58', '2014-03-20 07:15:58', NULL),
(316, '', 317, NULL, '2014-10-02', NULL, 'telefono', NULL, 'de Viaje', NULL, '2014-03-20 07:15:58', '2014-03-20 07:15:58', NULL),
(317, '', 318, NULL, '2014-10-02', NULL, 'telefono', NULL, 'contesto niñera llamar luego', NULL, '2014-03-20 07:15:58', '2014-03-20 07:15:58', NULL),
(318, '', 319, NULL, '2014-10-02', NULL, 'telefono', NULL, NULL, 'confirmado arabe', '2014-03-20 07:15:58', '2014-03-20 07:15:58', NULL),
(319, '', 320, NULL, '2014-10-02', NULL, 'telefono', NULL, NULL, 'es receptivo telefonicamente', '2014-03-20 07:15:58', '2014-03-20 07:15:58', NULL),
(320, '', 226, NULL, '2014-10-02', NULL, 'telefono', NULL, 'santiago 1:13', 'buzon de voz', '2014-03-20 07:15:58', '2014-03-20 07:15:58', NULL),
(321, '', 227, NULL, '2014-10-02', NULL, 'telefono', NULL, 'llamar en otro momento', 'zapateria', '2014-03-20 07:15:58', '2014-03-20 07:15:58', NULL),
(322, '', 323, NULL, '2014-10-02', 'Receptivo', 'telefono', NULL, 'llamar en otro momento', 'confirmado arabe', '2014-03-20 07:15:58', '2014-03-20 07:15:58', NULL),
(323, '', 324, NULL, '2014-10-02', 'Receptivo', 'telefono', NULL, 'Que sucede al morir', 'contesto esposa', '2014-03-20 07:15:58', '2014-03-20 07:15:58', NULL),
(324, '', 325, NULL, '2014-10-02', 'Receptivo', 'telefono', NULL, 'se le leyo ecle 9:5', NULL, '2014-03-20 07:15:58', '2014-03-20 07:15:58', NULL),
(325, '', 325, NULL, '2014-10-02', 'Receptivo', 'telefono', NULL, 'papa Arabe - mama venezola', 'se le comenzo el estudio', '2014-03-20 07:15:58', '2014-03-20 07:15:58', NULL),
(326, '', 326, NULL, '2014-10-02', NULL, 'telefono', NULL, 'mateo 5:3', 'buzon de voz', '2014-03-20 07:15:58', '2014-03-20 07:15:58', NULL),
(327, '', 327, NULL, '2014-10-02', NULL, 'telefono', NULL, 'mateo 5:3', 'buzon de voz', '2014-03-20 07:15:58', '2014-03-20 07:15:58', NULL),
(328, '', 328, NULL, '2014-10-02', NULL, 'telefono', NULL, NULL, 'no contestaron', '2014-03-20 07:15:58', '2014-03-20 07:15:58', NULL),
(329, '', 329, NULL, '2014-10-02', NULL, 'telefono', NULL, 'mateo 5:3', 'buzon de voz', '2014-03-20 07:15:58', '2014-03-20 07:15:58', NULL),
(330, '', 329, NULL, '2014-03-03', NULL, 'telefono', NULL, 'revelacion 21:3,4', 'buzon de voz', '2014-03-20 07:15:58', '2014-03-20 07:15:58', NULL),
(331, '', 330, NULL, '2014-10-02', NULL, 'telefono', NULL, 'mateo 5:3', 'buzon de voz', '2014-03-20 07:15:58', '2014-03-20 07:15:58', NULL),
(332, '', 331, NULL, '2014-10-02', NULL, 'telefono', NULL, 'no quiere nada Catolica', NULL, '2014-03-20 07:15:58', '2014-03-20 07:15:58', NULL),
(333, '', 332, NULL, '2014-10-02', NULL, 'telefono', NULL, 'revelacion 21:3,4', 'buzon de voz', '2014-03-20 07:15:58', '2014-03-20 07:15:58', NULL),
(334, '', 332, NULL, '2014-03-03', 'Receptivo', 'telefono', NULL, 'que sucede al morir', NULL, '2014-03-20 07:15:58', '2014-03-20 07:15:58', NULL),
(335, '', 333, NULL, '2014-10-02', NULL, 'telefono', NULL, NULL, 'no contestaron', '2014-03-20 07:15:58', '2014-03-20 07:15:58', NULL),
(336, '', 334, NULL, '2014-10-02', NULL, 'telefono', NULL, NULL, 'no contestaron', '2014-03-20 07:15:58', '2014-03-20 07:15:58', NULL),
(337, '', 335, NULL, '2014-10-02', NULL, 'telefono', NULL, 'colgo intentar otra ocasión ', NULL, '2014-03-20 07:15:58', '2014-03-20 07:15:58', NULL),
(338, '', 336, NULL, '2014-10-02', NULL, 'telefono', NULL, 'isaias 2:4', NULL, '2014-03-20 07:15:58', '2014-03-20 07:15:58', NULL),
(339, '', 337, NULL, '2014-10-02', NULL, 'telefono', NULL, 'escucho pero ocupada', NULL, '2014-03-20 07:15:58', '2014-03-20 07:15:58', NULL),
(340, '', 338, NULL, '2014-10-02', NULL, 'telefono', NULL, 'no esta interesada', NULL, '2014-03-20 07:15:58', '2014-03-20 07:15:58', NULL),
(341, '', 339, NULL, '2014-10-02', NULL, 'telefono', NULL, 'contesto empleada', NULL, '2014-03-20 07:15:58', '2014-03-20 07:15:58', NULL),
(342, '', 340, NULL, '2014-10-02', NULL, 'telefono', NULL, NULL, 'buzon de voz', '2014-03-20 07:15:58', '2014-03-20 07:15:58', NULL),
(343, '', 341, NULL, '2014-10-02', 'no llamar', 'telefono', NULL, 'no esta interesada', 'no quiere que llamen', '2014-03-20 07:15:58', '2014-03-20 07:15:58', NULL),
(344, '', 342, NULL, '2014-10-02', NULL, 'telefono', NULL, 'no esta interesada', NULL, '2014-03-20 07:15:58', '2014-03-20 07:15:58', NULL),
(345, '', 343, NULL, '2014-10-02', NULL, 'telefono', NULL, NULL, 'volver a llamar', '2014-03-20 07:15:58', '2014-03-20 07:15:58', NULL),
(346, '', 344, NULL, '2014-10-02', NULL, 'telefono', NULL, NULL, 'no contestaron', '2014-03-20 07:15:58', '2014-03-20 07:15:58', NULL),
(347, '', 345, NULL, '2014-10-02', NULL, 'telefono', NULL, NULL, 'volver a llamar', '2014-03-20 07:15:58', '2014-03-20 07:15:58', NULL),
(348, '', 346, NULL, '2014-10-02', NULL, 'telefono', NULL, 'no interesado', 'volver a llamar', '2014-03-20 07:15:58', '2014-03-20 07:15:58', NULL),
(349, '', 347, NULL, '2014-10-02', NULL, 'telefono', NULL, NULL, 'volver a llamar', '2014-03-20 07:15:58', '2014-03-20 07:15:58', NULL),
(350, '', 348, NULL, '2014-10-02', NULL, 'telefono', NULL, NULL, 'volver a llamar', '2014-03-20 07:15:58', '2014-03-20 07:15:58', NULL),
(351, '', 349, NULL, '2014-10-02', NULL, 'telefono', NULL, NULL, 'volver a llamar', '2014-03-20 07:15:58', '2014-03-20 07:15:58', NULL),
(352, '', 350, NULL, '2014-10-02', NULL, 'telefono', NULL, NULL, 'volver a llamar', '2014-03-20 07:15:58', '2014-03-20 07:15:58', NULL),
(353, '', 351, NULL, '2014-10-02', NULL, 'telefono', NULL, NULL, 'llamar luego', '2014-03-20 07:15:58', '2014-03-20 07:15:58', NULL),
(354, '', 352, NULL, '2014-10-02', NULL, 'telefono', NULL, NULL, 'buzon de voz', '2014-03-20 07:15:58', '2014-03-20 07:15:58', NULL),
(355, '', 353, NULL, '2014-10-02', NULL, 'telefono', NULL, NULL, 'volver a llamar un varon', '2014-03-20 07:15:58', '2014-03-20 07:15:58', NULL),
(356, '', 354, NULL, '2014-10-02', NULL, 'telefono', NULL, 'señor arabe ', 'no entendio mucho español', '2014-03-20 07:15:58', '2014-03-20 07:15:58', NULL),
(357, '', 355, NULL, '2014-10-02', NULL, 'telefono', NULL, NULL, 'buzon de voz', '2014-03-20 07:15:58', '2014-03-20 07:15:58', NULL),
(358, '', 356, NULL, '2014-10-02', 'no Receptivo', 'telefono', NULL, NULL, 'volver a llamar', '2014-03-20 07:15:58', '2014-03-20 07:15:58', NULL),
(359, '', 357, NULL, '2014-10-02', NULL, 'telefono', NULL, 'contesto pero ocupada', 'volver a llamar', '2014-03-20 07:15:58', '2014-03-20 07:15:58', NULL),
(360, '', 358, NULL, '2014-01-03', NULL, 'telefono', NULL, 'de viaje', 'volver a llamar', '2014-03-20 07:15:58', '2014-03-20 07:15:58', NULL),
(361, '', 359, NULL, '2014-10-02', NULL, 'telefono', NULL, NULL, 'volver a llamar', '2014-03-20 07:15:58', '2014-03-20 07:15:58', NULL),
(362, '', 360, NULL, '2014-10-02', NULL, 'telefono', NULL, NULL, 'buzon de voz', '2014-03-20 07:15:58', '2014-03-20 07:15:58', NULL),
(363, '', 361, NULL, '2014-10-02', NULL, 'telefono', NULL, NULL, 'volver a llamar', '2014-03-20 07:15:58', '2014-03-20 07:15:58', NULL),
(364, '', 362, NULL, '2014-10-02', NULL, 'telefono', NULL, NULL, 'buzon de voz', '2014-03-20 07:15:58', '2014-03-20 07:15:58', NULL),
(365, '', 363, NULL, '2014-10-02', NULL, 'telefono', NULL, NULL, 'volver a llamar', '2014-03-20 07:15:58', '2014-03-20 07:15:58', NULL),
(366, '', 364, NULL, '2014-10-02', 'No llamar', 'telefono', NULL, 'hombre catolico', NULL, '2014-03-20 07:15:58', '2014-03-20 07:15:58', NULL),
(367, '', 365, NULL, '2014-10-02', NULL, 'telefono', NULL, NULL, 'buzon de voz', '2014-03-20 07:15:58', '2014-03-20 07:15:58', NULL),
(368, '', 366, NULL, '2014-10-02', NULL, 'telefono', NULL, NULL, 'volver a llamar', '2014-03-20 07:15:58', '2014-03-20 07:15:58', NULL),
(369, '', 367, NULL, '2014-10-02', NULL, 'telefono', NULL, NULL, 'buzon de voz', '2014-03-20 07:15:58', '2014-03-20 07:15:58', NULL),
(370, '', 368, NULL, '2014-10-02', 'volver a llamar', 'telefono', NULL, NULL, 'buzon de voz', '2014-03-20 07:15:58', '2014-03-20 07:15:58', NULL),
(371, '', 369, NULL, '2014-10-02', 'Receptivo', 'telefono', NULL, 'cristiana evangelica', NULL, '2014-03-20 07:15:58', '2014-03-20 07:15:58', NULL),
(372, '', 370, NULL, '2014-10-02', NULL, 'telefono', NULL, NULL, 'buzon de voz', '2014-03-20 07:15:58', '2014-03-20 07:15:58', NULL),
(373, '', 371, NULL, '2014-10-02', NULL, 'telefono', NULL, 'tema sobre las gerraras', 'señora preocupada situacion actual', '2014-03-20 07:15:58', '2014-03-20 07:15:58', NULL),
(374, '', 372, NULL, '2014-10-02', NULL, 'telefono', NULL, NULL, 'volver a llamar', '2014-03-20 07:15:58', '2014-03-20 07:15:58', NULL),
(375, '', 373, NULL, '2014-10-02', 'no llamar', 'telefono', NULL, 'catolica', NULL, '2014-03-20 07:15:58', '2014-03-20 07:15:58', NULL),
(376, '', 374, NULL, '2014-10-02', 'Receptivo', 'telefono', NULL, 'señora kamal', NULL, '2014-03-20 07:15:58', '2014-03-20 07:15:58', NULL),
(377, '', 375, NULL, '2014-10-02', NULL, 'telefono', NULL, NULL, 'volver a llamar', '2014-03-20 07:15:58', '2014-03-20 07:15:58', NULL),
(378, '', 376, NULL, '2014-10-02', 'no llamar', 'telefono', NULL, 'no interesado', NULL, '2014-03-20 07:15:58', '2014-03-20 07:15:58', NULL),
(379, '', 377, NULL, '2014-10-02', NULL, 'telefono', NULL, NULL, 'volver a llamar', '2014-03-20 07:15:58', '2014-03-20 07:15:58', NULL),
(380, '', 378, NULL, '2014-10-02', NULL, 'telefono', NULL, NULL, 'volver a llamar', '2014-03-20 07:15:58', '2014-03-20 07:15:58', NULL),
(381, '', 257, 50, '2014-03-15', NULL, 'telefono', NULL, 'interesado', 'son arabe volver a llamar emergencia familiar', '2014-03-20 07:15:58', '2014-03-20 07:15:58', NULL),
(382, '', 256, 50, '2014-03-15', 'no interesado', 'telefono', NULL, 'son arabes', 'volver a llamar', '2014-03-20 07:15:58', '2014-03-20 07:15:58', NULL),
(383, '', 234, 50, '2014-03-15', 'Receptivo', 'telefono', NULL, 'llevar literatura a su casa', 'todofertas', '2014-03-20 07:15:58', '2014-03-20 07:15:58', NULL),
(384, '', 235, 50, '2014-03-15', NULL, 'telefono', NULL, NULL, 'colgo', '2014-03-20 07:15:58', '2014-03-20 07:15:58', NULL),
(385, '', 236, 50, '2014-03-15', NULL, 'telefono', NULL, 'hombre ', 'no esta en disposicion de hablar', '2014-03-20 07:15:58', '2014-03-20 07:15:58', NULL),
(386, '', 237, 50, '2014-03-15', NULL, 'telefono', NULL, 'receptivo dio direccion', NULL, '2014-03-20 07:15:58', '2014-03-20 07:15:58', NULL),
(387, '', 238, 50, '2014-03-15', NULL, 'telefono', NULL, 'direccion de trabajo: yerbabuena carrizal calle principal 2da bodega 2 portones azules claros negocio Colchones alberto Perez', 'pasar los Miercoles', '2014-03-20 07:15:58', '2014-03-20 07:15:58', NULL),
(388, '', 239, 50, '2014-03-15', NULL, 'telefono', NULL, NULL, 'buzon de voz', '2014-03-20 07:15:58', '2014-03-20 07:15:58', NULL),
(389, '', 240, 50, '2014-03-15', NULL, 'telefono', NULL, 'colgo intentar otra ocasión ', NULL, '2014-03-20 07:15:58', '2014-03-20 07:15:58', NULL),
(390, '', 241, 50, '2014-03-15', NULL, 'telefono', NULL, NULL, 'buzon de voz', '2014-03-20 07:15:58', '2014-03-20 07:15:58', NULL),
(391, '', 242, 50, '2014-03-15', NULL, 'telefono', NULL, NULL, 'fuera de servicio', '2014-03-20 07:15:58', '2014-03-20 07:15:58', NULL),
(392, '', 243, 50, '2014-03-15', NULL, 'telefono', NULL, NULL, 'buzon de voz', '2014-03-20 07:15:58', '2014-03-20 07:15:58', NULL),
(393, '', 244, 50, '2014-03-15', NULL, 'telefono', NULL, NULL, 'buzon de voz', '2014-03-20 07:15:58', '2014-03-20 07:15:58', NULL),
(394, '', 245, 50, '2014-03-15', NULL, 'telefono', NULL, NULL, 'buzon de voz', '2014-03-20 07:15:58', '2014-03-20 07:15:58', NULL),
(395, '', 246, 50, '2014-03-15', NULL, 'telefono', NULL, 'no tiene tiempo', 'volver a llamar', '2014-03-20 07:15:58', '2014-03-20 07:15:58', NULL),
(396, '', 247, 50, '2014-03-15', NULL, 'telefono', NULL, NULL, 'buzon de voz', '2014-03-20 07:15:58', '2014-03-20 07:15:58', NULL),
(397, '', 248, 50, '2014-03-15', 'no interesado', 'telefono', NULL, 'catolica', 'receptiva', '2014-03-20 07:15:58', '2014-03-20 07:15:58', NULL),
(398, '', 249, 50, '2014-03-15', 'volver a llamar', 'telefono', NULL, NULL, 'contesto ocupado', '2014-03-20 07:15:58', '2014-03-20 07:15:58', NULL),
(399, '', 366, 44, '2014-03-15', NULL, 'telefono', NULL, NULL, 'buzon de voz', '2014-03-20 07:15:58', '2014-03-20 07:15:58', NULL),
(400, '', 367, 39, '2014-03-15', NULL, 'telefono', NULL, NULL, 'buzon de voz', '2014-03-20 07:15:58', '2014-03-20 07:15:58', NULL),
(401, '', 368, 38, '2014-03-15', NULL, 'telefono', NULL, NULL, 'buzon de voz', '2014-03-20 07:15:58', '2014-03-20 07:15:58', NULL),
(402, '', 369, 44, '2014-03-15', NULL, 'telefono', NULL, '2 timoteo 3:1-5', 'buzon de voz', '2014-03-20 07:15:58', '2014-03-20 07:15:58', NULL),
(403, '', 370, 44, '2014-03-15', NULL, 'telefono', NULL, 'contesto señora se le leyo 2 tim 3:1-5 y 2ped 3:13', 'se corto la llamada', '2014-03-20 07:15:58', '2014-03-20 07:15:58', NULL),
(404, '', 371, 39, '2014-03-15', NULL, 'telefono', NULL, NULL, 'telefono ocupado', '2014-03-20 07:15:58', '2014-03-20 07:15:58', NULL),
(405, '', 372, 38, '2014-03-15', NULL, 'telefono', NULL, NULL, 'numero equivocado', '2014-03-20 07:15:58', '2014-03-20 07:15:58', NULL),
(406, '', 373, 44, '2014-03-15', 'no llamar', 'telefono', NULL, 'catolica', NULL, '2014-03-20 07:15:58', '2014-03-20 07:15:58', NULL),
(407, '', 374, 39, '2014-03-15', NULL, 'telefono', NULL, 'contesto pero colgo la llamada', NULL, '2014-03-20 07:15:58', '2014-03-20 07:15:58', NULL),
(408, '', 375, 38, '2014-03-15', NULL, 'telefono', NULL, NULL, 'telefono ocupado', '2014-03-20 07:15:58', '2014-03-20 07:15:58', NULL),
(409, '', 341, 44, '2014-03-15', 'no llamar', 'telefono', NULL, 'catolica', NULL, '2014-03-20 07:15:58', '2014-03-20 07:15:58', NULL),
(410, '', 342, 39, '2014-03-15', NULL, 'telefono', NULL, 'contesto pero estaba ocupada', NULL, '2014-03-20 07:15:58', '2014-03-20 07:15:58', NULL),
(411, '', 343, 38, '2014-03-15', NULL, 'telefono', NULL, 'numero equivocado', NULL, '2014-03-20 07:15:58', '2014-03-20 07:15:58', NULL),
(412, '', 344, 44, '2014-03-15', NULL, 'telefono', NULL, NULL, 'buzon de voz', '2014-03-20 07:15:58', '2014-03-20 07:15:58', NULL),
(413, '', 345, 39, '2014-03-15', NULL, 'telefono', NULL, 'numero equivocado', NULL, '2014-03-20 07:15:58', '2014-03-20 07:15:58', NULL),
(414, '', 346, 38, '2014-03-15', 'no interesado', 'telefono', NULL, 'contesto señor ', NULL, '2014-03-20 07:15:58', '2014-03-20 07:15:58', NULL),
(415, '', 347, 44, '2014-03-15', NULL, 'telefono', NULL, NULL, 'telefono ocupado', '2014-03-20 07:15:58', '2014-03-20 07:15:58', NULL),
(416, '', 348, 39, '2014-03-15', NULL, 'telefono', NULL, 'contesto joven pero no interesado', NULL, '2014-03-20 07:15:58', '2014-03-20 07:15:58', NULL),
(417, '', 349, 38, '2014-03-15', NULL, 'telefono', NULL, 'sin servicio', NULL, '2014-03-20 07:15:58', '2014-03-20 07:15:58', NULL),
(418, '', 350, 44, '2014-03-15', NULL, 'telefono', NULL, NULL, 'volver a llamar', '2014-03-20 07:15:58', '2014-03-20 07:15:58', NULL),
(419, '', 351, 39, '2014-03-15', NULL, 'telefono', NULL, 'contesto señopra catolica amable pero ya tiene su religion', 'no son arabe', '2014-03-20 07:15:58', '2014-03-20 07:15:58', NULL),
(420, '', 352, 38, '2014-03-15', NULL, 'telefono', NULL, 'contesto señor pero no tiene tiempo', NULL, '2014-03-20 07:15:58', '2014-03-20 07:15:58', NULL),
(421, '', 353, 44, '2014-03-15', NULL, 'telefono', NULL, NULL, 'telefono ocupado', '2014-03-20 07:15:58', '2014-03-20 07:15:58', NULL),
(422, '', 354, 39, '2014-03-15', NULL, 'telefono', NULL, NULL, 'telefono ocupado', '2014-03-20 07:15:58', '2014-03-20 07:15:58', NULL),
(423, '', 355, 38, '2014-03-15', NULL, 'telefono', NULL, 'revelacion 21:3,4', 'buzon de voz', '2014-03-20 07:15:58', '2014-03-20 07:15:58', NULL),
(424, '', 356, 44, '2014-03-15', NULL, 'telefono', NULL, NULL, 'telefono ocupado', '2014-03-20 07:15:58', '2014-03-20 07:15:58', NULL),
(425, '', 357, 39, '2014-03-15', NULL, 'telefono', NULL, NULL, 'buzon de voz', '2014-03-20 07:15:58', '2014-03-20 07:15:58', NULL),
(426, '', 358, 38, '2014-03-15', NULL, 'telefono', NULL, NULL, 'buzon de voz', '2014-03-20 07:15:58', '2014-03-20 07:15:58', NULL),
(427, '', 359, 44, '2014-03-15', NULL, 'telefono', NULL, NULL, 'telefono ocupado', '2014-03-20 07:15:58', '2014-03-20 07:15:58', NULL),
(485, '', 174, 36, '2013-12-26', 'No quiso nada', 'casa', NULL, NULL, NULL, '2014-03-20 07:52:36', '2014-03-20 07:45:20', NULL),
(486, '', 172, 32, '0000-00-00', NULL, 'casa', NULL, NULL, NULL, '2014-03-20 08:06:03', '2014-03-20 08:04:50', NULL),
(487, '', 172, 1, '2013-12-26', NULL, 'casa', NULL, NULL, 'Despertad de noviembre 2013', '2014-03-20 08:06:07', '2014-03-20 08:05:59', NULL),
(488, '', 175, 32, '0000-00-00', 'Son portugueses', 'casa', NULL, NULL, NULL, '2014-03-20 08:11:20', '2014-03-20 08:11:16', NULL),
(489, '', 123, 33, '0000-00-00', 'vecinos dicen que hay árabe', 'casa', NULL, NULL, NULL, '2014-03-20 08:21:46', '2014-03-20 08:20:57', NULL),
(490, '', 123, 33, '2013-12-26', 'Ocupada', 'casa', NULL, NULL, NULL, '2014-03-20 08:22:36', '2014-03-20 08:22:38', NULL),
(491, '', 123, 33, '2014-01-30', 'Recibio amablemente', 'casa', NULL, NULL, 'Atalaya de enero 2014', '2014-03-20 08:23:54', '2014-03-20 08:23:56', NULL),
(492, '', 392, 37, '2013-08-15', NULL, 'casa', NULL, NULL, 'Tratado la verdad', '2014-03-20 08:35:12', '2014-03-20 08:33:56', NULL),
(493, '', 392, NULL, '2014-01-30', NULL, 'casa', NULL, NULL, 'Revistas de Enero 2014', '2014-03-20 08:35:09', '2014-03-20 08:35:10', NULL),
(494, '', NULL, 54, '2014-02-20', 'Comenzará estudio con libro Enseña', 'casa', NULL, NULL, NULL, '2014-03-20 08:35:23', '2014-03-20 08:38:09', NULL),
(495, '', 205, 39, '2013-08-15', 'Atiende cuando le llama la atencion un artículo', 'casa', NULL, NULL, 'Tratado la verdad', '2014-03-20 08:42:29', '2014-03-20 08:40:49', NULL),
(496, '', 205, 37, '2013-11-21', NULL, 'casa', NULL, NULL, 'Revista de octubre 2013', '2014-03-20 08:43:42', '2014-03-20 08:43:50', NULL),
(497, '', 205, 33, '2014-02-20', '', NULL, NULL, NULL, NULL, '2014-03-20 08:44:59', '2014-03-20 08:44:55', NULL);

-- 
-- Restore previous SQL mode
-- 
/*!40101 SET SQL_MODE=@OLD_SQL_MODE */;

-- 
-- Enable foreign keys
-- 
/*!40014 SET FOREIGN_KEY_CHECKS=@OLD_FOREIGN_KEY_CHECKS */;